BHC_NAME,RSSD_ID,REPORTING_MONTH,PORTFOLIO_ID,SEGMENT_ID,Product Type,Delinquency Status,Credit Score,LTV Ratio,Geography,# Accounts,$ Outstandings,$ Gross Contractual Charge-offs,$ Bankruptcy Charge-offs,$ Recoveries,$ Net Charge-offs,# New Accounts,$ New Commitments,WAL
Bank_1,508001,2025-02,IntlOthCons,101010101,01 - Secured-Revolving,XX - Current & 1-29 DPD,01 - <=620,35.38,01 - Canada,9168,126.65,3.36,1.32,0.12,4.56,98,24.26,34
Bank_2,224429,2025-02,IntlOthCons,101010102,01 - Secured-Revolving,XX - Current & 1-29 DPD,01 - <=620,100.77,02 - EMEA,3107,316.4,1.31,0.43,0.78,0.96,264,49.01,20
Bank_3,517273,2025-02,IntlOthCons,101010103,01 - Secured-Revolving,XX - Current & 1-29 DPD,01 - <=620,32.57,03 - LATAM,2530,393.88,4.53,0.17,1.41,3.29,374,26.7,68
Bank_4,366763,2025-02,IntlOthCons,101010104,01 - Secured-Revolving,XX - Current & 1-29 DPD,01 - <=620,70.45,04 - APAC,1661,486.92,1.24,0.42,0.68,0.98,448,48.32,63
Bank_5,256815,2025-02,IntlOthCons,101010201,01 - Secured-Revolving,XX - Current & 1-29 DPD,01 - <=620,60.94,01 - Canada,8336,365.41,3.03,0.25,0.33,2.95,337,36.54,23
Bank_6,797933,2025-02,IntlOthCons,101010202,01 - Secured-Revolving,XX - Current & 1-29 DPD,01 - <=620,88.05,02 - EMEA,8755,315.56,0.83,0.75,1.09,0.49,325,18.57,56
Bank_7,437034,2025-02,IntlOthCons,101010203,01 - Secured-Revolving,XX - Current & 1-29 DPD,01 - <=620,42.09,03 - LATAM,7548,498.21,4.48,1.08,0.85,4.71,317,5.94,61
Bank_8,683144,2025-02,IntlOthCons,101010204,01 - Secured-Revolving,XX - Current & 1-29 DPD,01 - <=620,35.24,04 - APAC,9801,162.84,3.75,1.98,1.31,4.42,445,5.53,60
Bank_9,173686,2025-02,IntlOthCons,101020101,01 - Secured-Revolving,XX - Current & 1-29 DPD,02 - >620,66.27,01 - Canada,4175,423.3,4.56,1.11,0.66,5.01,360,8.56,61
Bank_10,576521,2025-02,IntlOthCons,101020102,01 - Secured-Revolving,XX - Current & 1-29 DPD,02 - >620,62.35,02 - EMEA,1608,227.25,3.81,0.24,0.98,3.07,380,41.42,34
Bank_11,562959,2025-02,IntlOthCons,101020103,01 - Secured-Revolving,XX - Current & 1-29 DPD,02 - >620,53.03,03 - LATAM,8856,260.13,2.12,0.27,0.37,2.02,457,8.84,27
Bank_12,450742,2025-02,IntlOthCons,101020104,01 - Secured-Revolving,XX - Current & 1-29 DPD,02 - >620,112.33,04 - APAC,4820,321.98,0.66,1.03,0.9,0.79,438,49.17,14
Bank_13,475754,2025-02,IntlOthCons,101020201,01 - Secured-Revolving,XX - Current & 1-29 DPD,02 - >620,94.84,01 - Canada,1385,51.11,3.7,0.76,1.32,3.14,316,24.9,47
Bank_14,408604,2025-02,IntlOthCons,101020202,01 - Secured-Revolving,XX - Current & 1-29 DPD,02 - >620,84.96,02 - EMEA,1480,234.29,1.67,0.65,0.66,1.66,105,47.54,62
Bank_15,199995,2025-02,IntlOthCons,101020203,01 - Secured-Revolving,XX - Current & 1-29 DPD,02 - >620,79.62,03 - LATAM,3023,215.59,0.56,0.54,1.25,-0.15,498,23.6,37
Bank_16,824191,2025-02,IntlOthCons,101020204,01 - Secured-Revolving,XX - Current & 1-29 DPD,02 - >620,51.31,04 - APAC,9518,379.53,4.09,0.66,1.07,3.68,153,18.17,63
Bank_17,173736,2025-02,IntlOthCons,101030101,01 - Secured-Revolving,XX - Current & 1-29 DPD,,114.15,01 - Canada,1652,393.65,0.86,0.59,0.92,0.53,489,12.98,21
Bank_18,399832,2025-02,IntlOthCons,101030102,01 - Secured-Revolving,XX - Current & 1-29 DPD,,108.55,02 - EMEA,8445,419.62,3.12,0.86,0.7,3.28,273,29.64,44
Bank_19,285412,2025-02,IntlOthCons,101030103,01 - Secured-Revolving,XX - Current & 1-29 DPD,,60.92,03 - LATAM,7414,418.53,4.78,1.54,0.69,5.63,350,43.74,63
Bank_20,946624,2025-02,IntlOthCons,101030104,01 - Secured-Revolving,XX - Current & 1-29 DPD,,40.9,04 - APAC,3579,238.73,0.74,1.1,0.43,1.41,114,42.56,59
Bank_21,944161,2025-02,IntlOthCons,101030201,01 - Secured-Revolving,XX - Current & 1-29 DPD,,59.27,01 - Canada,8328,176.04,1.73,0.8,1.3,1.23,188,25.98,51
Bank_22,257211,2025-02,IntlOthCons,101030202,01 - Secured-Revolving,XX - Current & 1-29 DPD,,108.68,02 - EMEA,9580,427.73,2.05,0.74,0.4,2.39,319,27.26,58
Bank_23,793279,2025-02,IntlOthCons,101030203,01 - Secured-Revolving,XX - Current & 1-29 DPD,,116.06,03 - LATAM,4876,483.1,2.58,1.62,1.39,2.81,84,30.44,16
Bank_24,730896,2025-02,IntlOthCons,101030204,01 - Secured-Revolving,XX - Current & 1-29 DPD,,72.59,04 - APAC,5551,256.48,3.67,0.83,0.73,3.77,258,42.69,12
Bank_25,611531,2025-02,IntlOthCons,102010101,01 - Secured-Revolving,02 - 30-59 DPD,01 - <=620,65.27,01 - Canada,9426,310.57,3.02,0.53,1.45,2.1,360,48.49,30
Bank_26,291961,2025-02,IntlOthCons,102010102,01 - Secured-Revolving,02 - 30-59 DPD,01 - <=620,31.33,02 - EMEA,1228,273.44,3.78,1.72,1.29,4.21,455,28.57,16
Bank_27,118323,2025-02,IntlOthCons,102010103,01 - Secured-Revolving,02 - 30-59 DPD,01 - <=620,76.55,03 - LATAM,5989,259.53,3.78,0.27,0.24,3.81,430,43.97,51
Bank_28,614037,2025-02,IntlOthCons,102010104,01 - Secured-Revolving,02 - 30-59 DPD,01 - <=620,96.22,04 - APAC,9643,249.98,2.33,1.41,1.12,2.62,220,14.13,71
Bank_29,959426,2025-02,IntlOthCons,102010201,01 - Secured-Revolving,02 - 30-59 DPD,01 - <=620,66.24,01 - Canada,1073,65.83,3.66,1.13,0.83,3.96,257,41.14,47
Bank_30,413758,2025-02,IntlOthCons,102010202,01 - Secured-Revolving,02 - 30-59 DPD,01 - <=620,109.34,02 - EMEA,7240,250.54,0.7,0.81,0.73,0.78,362,35.07,31
Bank_31,107879,2025-02,IntlOthCons,102010203,01 - Secured-Revolving,02 - 30-59 DPD,01 - <=620,32.82,03 - LATAM,6908,245.4,2.58,0.36,0.75,2.19,258,35.41,29
Bank_32,658299,2025-02,IntlOthCons,102010204,01 - Secured-Revolving,02 - 30-59 DPD,01 - <=620,89.36,04 - APAC,7015,461.44,1.35,0.65,0.73,1.27,210,23.66,15
Bank_33,665861,2025-02,IntlOthCons,102020101,01 - Secured-Revolving,02 - 30-59 DPD,02 - >620,103.15,01 - Canada,8584,246.37,0.52,0.29,1.06,-0.25,156,15.55,71
Bank_34,329321,2025-02,IntlOthCons,102020102,01 - Secured-Revolving,02 - 30-59 DPD,02 - >620,43.11,02 - EMEA,1250,397.25,4.03,0.71,0.25,4.49,114,38.49,58
Bank_35,111843,2025-02,IntlOthCons,102020103,01 - Secured-Revolving,02 - 30-59 DPD,02 - >620,34.41,03 - LATAM,7533,149.51,0.72,0.28,0.16,0.84,261,47.77,46
Bank_36,882503,2025-02,IntlOthCons,102020104,01 - Secured-Revolving,02 - 30-59 DPD,02 - >620,110.04,04 - APAC,8341,155.36,2.27,1.96,1.47,2.76,399,43.65,46
Bank_37,410465,2025-02,IntlOthCons,102020201,01 - Secured-Revolving,02 - 30-59 DPD,02 - >620,116.98,01 - Canada,9906,311.2,3.65,0.65,1.48,2.82,404,46.46,55
Bank_38,305915,2025-02,IntlOthCons,102020202,01 - Secured-Revolving,02 - 30-59 DPD,02 - >620,97.95,02 - EMEA,4792,335.88,3.3,0.77,0.29,3.78,74,33.27,17
Bank_39,255065,2025-02,IntlOthCons,102020203,01 - Secured-Revolving,02 - 30-59 DPD,02 - >620,94.28,03 - LATAM,6698,412.91,1.06,1.92,1.23,1.75,275,17.39,16
Bank_40,467405,2025-02,IntlOthCons,102020204,01 - Secured-Revolving,02 - 30-59 DPD,02 - >620,98.67,04 - APAC,7574,118.53,1.91,0.35,0.75,1.51,171,7.23,58
Bank_41,698394,2025-02,IntlOthCons,102030101,01 - Secured-Revolving,02 - 30-59 DPD,,100.55,01 - Canada,7183,400.33,4.56,1.13,0.67,5.02,256,41.65,50
Bank_42,138824,2025-02,IntlOthCons,102030102,01 - Secured-Revolving,02 - 30-59 DPD,,80.13,02 - EMEA,4006,211.28,0.72,0.88,0.66,0.94,444,25.31,36
Bank_43,185468,2025-02,IntlOthCons,102030103,01 - Secured-Revolving,02 - 30-59 DPD,,92.76,03 - LATAM,7883,89.46,1.84,0.58,1.01,1.41,136,15.36,28
Bank_44,621863,2025-02,IntlOthCons,102030104,01 - Secured-Revolving,02 - 30-59 DPD,,80.38,04 - APAC,1352,101.83,2.29,0.41,0.62,2.08,177,24.21,19
Bank_45,824475,2025-02,IntlOthCons,102030201,01 - Secured-Revolving,02 - 30-59 DPD,,44.08,01 - Canada,9759,216.57,4.99,0.31,0.93,4.37,477,16.66,66
Bank_46,716309,2025-02,IntlOthCons,102030202,01 - Secured-Revolving,02 - 30-59 DPD,,102.75,02 - EMEA,9735,173.18,2.58,1.8,1.04,3.34,101,28.18,50
Bank_47,816747,2025-02,IntlOthCons,102030203,01 - Secured-Revolving,02 - 30-59 DPD,,86.27,03 - LATAM,4880,85.76,2.74,1.97,0.32,4.39,295,27.03,18
Bank_48,365719,2025-02,IntlOthCons,102030204,01 - Secured-Revolving,02 - 30-59 DPD,,59.26,04 - APAC,4049,355.9,1.23,0.13,0.32,1.04,86,38.75,39
Bank_49,605579,2025-02,IntlOthCons,103010101,01 - Secured-Revolving,03 - 60-89 DPD,01 - <=620,43.34,01 - Canada,5984,384.6,3.92,1.19,1.24,3.87,72,18.83,31
Bank_50,772853,2025-02,IntlOthCons,103010102,01 - Secured-Revolving,03 - 60-89 DPD,01 - <=620,112.64,02 - EMEA,4400,139.52,4.69,0.59,1.27,4.01,308,13.25,16
Bank_51,851313,2025-02,IntlOthCons,103010103,01 - Secured-Revolving,03 - 60-89 DPD,01 - <=620,45.32,03 - LATAM,8343,161.12,2.73,0.64,0.47,2.9,464,14.31,60
Bank_52,844303,2025-02,IntlOthCons,103010104,01 - Secured-Revolving,03 - 60-89 DPD,01 - <=620,65.68,04 - APAC,1249,456.87,3.65,1.82,0.47,5.0,124,49.47,53
Bank_53,912151,2025-02,IntlOthCons,103010201,01 - Secured-Revolving,03 - 60-89 DPD,01 - <=620,109.36,01 - Canada,7014,142.58,4.86,1.66,0.89,5.63,202,46.43,21
Bank_54,768801,2025-02,IntlOthCons,103010202,01 - Secured-Revolving,03 - 60-89 DPD,01 - <=620,99.77,02 - EMEA,5741,413.13,4.13,1.69,1.42,4.4,344,44.49,29
Bank_55,831369,2025-02,IntlOthCons,103010203,01 - Secured-Revolving,03 - 60-89 DPD,01 - <=620,83.38,03 - LATAM,6364,221.34,2.07,0.34,1.18,1.23,220,45.0,45
Bank_56,275798,2025-02,IntlOthCons,103010204,01 - Secured-Revolving,03 - 60-89 DPD,01 - <=620,68.75,04 - APAC,4242,393.61,3.24,1.23,0.45,4.02,87,7.38,37
Bank_57,684295,2025-02,IntlOthCons,103020101,01 - Secured-Revolving,03 - 60-89 DPD,02 - >620,55.61,01 - Canada,8824,305.68,4.47,1.24,1.11,4.6,204,16.03,49
Bank_58,307884,2025-02,IntlOthCons,103020102,01 - Secured-Revolving,03 - 60-89 DPD,02 - >620,46.77,02 - EMEA,4042,489.65,1.14,0.25,0.96,0.43,484,48.78,16
Bank_59,126668,2025-02,IntlOthCons,103020103,01 - Secured-Revolving,03 - 60-89 DPD,02 - >620,63.77,03 - LATAM,9179,251.35,2.52,1.84,0.34,4.02,219,23.31,24
Bank_60,895889,2025-02,IntlOthCons,103020104,01 - Secured-Revolving,03 - 60-89 DPD,02 - >620,50.45,04 - APAC,4735,67.73,4.74,1.96,0.97,5.73,399,15.61,30
Bank_61,268183,2025-02,IntlOthCons,103020201,01 - Secured-Revolving,03 - 60-89 DPD,02 - >620,49.71,01 - Canada,7569,309.7,1.02,1.54,1.0,1.56,70,19.98,24
Bank_62,698054,2025-02,IntlOthCons,103020202,01 - Secured-Revolving,03 - 60-89 DPD,02 - >620,65.36,02 - EMEA,2804,395.95,4.58,1.66,0.7,5.54,268,18.34,27
Bank_63,239939,2025-02,IntlOthCons,103020203,01 - Secured-Revolving,03 - 60-89 DPD,02 - >620,63.14,03 - LATAM,7037,203.69,3.63,0.77,0.93,3.47,118,42.99,68
Bank_64,108589,2025-02,IntlOthCons,103020204,01 - Secured-Revolving,03 - 60-89 DPD,02 - >620,84.84,04 - APAC,9223,306.06,0.65,1.31,1.34,0.62,217,30.27,65
Bank_65,962653,2025-02,IntlOthCons,103030101,01 - Secured-Revolving,03 - 60-89 DPD,,105.25,01 - Canada,1322,448.88,4.18,0.12,0.19,4.11,152,40.42,25
Bank_66,406179,2025-02,IntlOthCons,103030102,01 - Secured-Revolving,03 - 60-89 DPD,,51.83,02 - EMEA,5390,410.12,2.33,1.56,0.47,3.42,474,32.43,13
Bank_67,632234,2025-02,IntlOthCons,103030103,01 - Secured-Revolving,03 - 60-89 DPD,,40.64,03 - LATAM,3823,467.86,4.52,1.86,0.13,6.25,143,26.42,46
Bank_68,105678,2025-02,IntlOthCons,103030104,01 - Secured-Revolving,03 - 60-89 DPD,,41.13,04 - APAC,5439,142.34,1.34,0.81,0.85,1.3,342,33.49,24
Bank_69,280075,2025-02,IntlOthCons,103030201,01 - Secured-Revolving,03 - 60-89 DPD,,100.8,01 - Canada,9919,74.07,4.74,0.51,0.26,4.99,344,46.78,47
Bank_70,656324,2025-02,IntlOthCons,103030202,01 - Secured-Revolving,03 - 60-89 DPD,,82.62,02 - EMEA,2800,327.12,3.78,0.53,0.9,3.41,192,15.46,53
Bank_71,222975,2025-02,IntlOthCons,103030203,01 - Secured-Revolving,03 - 60-89 DPD,,79.05,03 - LATAM,6968,162.49,3.59,0.38,1.05,2.92,363,31.34,45
Bank_72,625613,2025-02,IntlOthCons,103030204,01 - Secured-Revolving,03 - 60-89 DPD,,102.57,04 - APAC,4053,59.66,0.55,1.71,0.56,1.7,344,31.75,59
Bank_73,125565,2025-02,IntlOthCons,104010101,01 - Secured-Revolving,04 - 90-119 DPD,01 - <=620,106.34,01 - Canada,6139,343.71,3.81,1.43,0.94,4.3,128,6.05,19
Bank_74,211640,2025-02,IntlOthCons,104010102,01 - Secured-Revolving,04 - 90-119 DPD,01 - <=620,77.72,02 - EMEA,5160,56.42,0.61,1.83,1.39,1.05,359,26.18,39
Bank_75,264952,2025-02,IntlOthCons,104010103,01 - Secured-Revolving,04 - 90-119 DPD,01 - <=620,104.39,03 - LATAM,1855,327.67,1.61,1.1,1.07,1.64,92,5.41,41
Bank_76,162204,2025-02,IntlOthCons,104010104,01 - Secured-Revolving,04 - 90-119 DPD,01 - <=620,98.9,04 - APAC,2910,155.55,1.78,1.39,1.42,1.75,123,13.21,69
Bank_77,926264,2025-02,IntlOthCons,104010201,01 - Secured-Revolving,04 - 90-119 DPD,01 - <=620,72.52,01 - Canada,3105,466.46,2.68,1.98,0.34,4.32,337,34.95,49
Bank_78,164808,2025-02,IntlOthCons,104010202,01 - Secured-Revolving,04 - 90-119 DPD,01 - <=620,61.99,02 - EMEA,8539,92.16,1.69,0.75,0.88,1.56,296,45.81,25
Bank_79,857369,2025-02,IntlOthCons,104010203,01 - Secured-Revolving,04 - 90-119 DPD,01 - <=620,53.93,03 - LATAM,9083,154.31,3.03,0.33,0.19,3.17,407,30.01,17
Bank_80,874859,2025-02,IntlOthCons,104010204,01 - Secured-Revolving,04 - 90-119 DPD,01 - <=620,84.5,04 - APAC,3629,368.32,3.71,0.75,0.84,3.62,237,35.35,39
Bank_81,916621,2025-02,IntlOthCons,104020101,01 - Secured-Revolving,04 - 90-119 DPD,02 - >620,55.4,01 - Canada,7954,485.51,3.61,0.98,0.32,4.27,140,41.27,33
Bank_82,256679,2025-02,IntlOthCons,104020102,01 - Secured-Revolving,04 - 90-119 DPD,02 - >620,110.4,02 - EMEA,5672,135.7,3.24,0.14,0.82,2.56,310,14.81,24
Bank_83,644492,2025-02,IntlOthCons,104020103,01 - Secured-Revolving,04 - 90-119 DPD,02 - >620,97.09,03 - LATAM,7632,307.53,1.23,1.53,0.85,1.91,477,30.15,12
Bank_84,645415,2025-02,IntlOthCons,104020104,01 - Secured-Revolving,04 - 90-119 DPD,02 - >620,110.44,04 - APAC,3329,467.47,1.98,0.66,0.9,1.74,305,13.94,41
Bank_85,872310,2025-02,IntlOthCons,104020201,01 - Secured-Revolving,04 - 90-119 DPD,02 - >620,88.48,01 - Canada,5994,83.85,4.94,1.02,1.21,4.75,107,41.39,17
Bank_86,649556,2025-02,IntlOthCons,104020202,01 - Secured-Revolving,04 - 90-119 DPD,02 - >620,73.26,02 - EMEA,1006,335.04,2.49,0.27,0.29,2.47,342,15.11,17
Bank_87,924568,2025-02,IntlOthCons,104020203,01 - Secured-Revolving,04 - 90-119 DPD,02 - >620,117.62,03 - LATAM,6635,149.24,0.6,1.49,1.34,0.75,332,9.23,72
Bank_88,496241,2025-02,IntlOthCons,104020204,01 - Secured-Revolving,04 - 90-119 DPD,02 - >620,73.57,04 - APAC,5476,81.17,4.48,0.17,0.79,3.86,426,28.02,31
Bank_89,908117,2025-02,IntlOthCons,104030101,01 - Secured-Revolving,04 - 90-119 DPD,,57.92,01 - Canada,6966,294.4,3.2,1.57,0.6,4.17,73,44.65,31
Bank_90,500779,2025-02,IntlOthCons,104030102,01 - Secured-Revolving,04 - 90-119 DPD,,69.52,02 - EMEA,8462,424.61,3.67,1.82,1.16,4.33,64,18.18,70
Bank_91,296987,2025-02,IntlOthCons,104030103,01 - Secured-Revolving,04 - 90-119 DPD,,108.91,03 - LATAM,3680,303.95,3.45,1.26,0.68,4.03,380,33.9,53
Bank_92,568820,2025-02,IntlOthCons,104030104,01 - Secured-Revolving,04 - 90-119 DPD,,73.05,04 - APAC,7018,289.84,2.26,1.14,0.84,2.56,130,26.85,41
Bank_93,146079,2025-02,IntlOthCons,104030201,01 - Secured-Revolving,04 - 90-119 DPD,,41.18,01 - Canada,4995,204.5,1.9,1.16,0.17,2.89,448,47.63,59
Bank_94,903744,2025-02,IntlOthCons,104030202,01 - Secured-Revolving,04 - 90-119 DPD,,32.71,02 - EMEA,4547,70.35,1.77,1.9,0.89,2.78,249,42.74,64
Bank_95,450477,2025-02,IntlOthCons,104030203,01 - Secured-Revolving,04 - 90-119 DPD,,77.38,03 - LATAM,7739,375.2,2.37,1.45,1.32,2.5,416,37.41,26
Bank_96,367377,2025-02,IntlOthCons,104030204,01 - Secured-Revolving,04 - 90-119 DPD,,115.21,04 - APAC,3300,115.15,2.02,1.75,0.84,2.93,483,49.95,36
Bank_97,548057,2025-02,IntlOthCons,105010101,01 - Secured-Revolving,05 - 120+ DPD,01 - <=620,42.46,01 - Canada,3606,265.36,1.56,0.14,0.2,1.5,379,48.43,37
Bank_98,855927,2025-02,IntlOthCons,105010102,01 - Secured-Revolving,05 - 120+ DPD,01 - <=620,114.64,02 - EMEA,4356,380.02,3.31,0.25,0.13,3.43,437,21.8,46
Bank_99,733497,2025-02,IntlOthCons,105010103,01 - Secured-Revolving,05 - 120+ DPD,01 - <=620,88.5,03 - LATAM,3170,204.49,0.85,1.7,0.39,2.16,230,9.12,65
Bank_100,454331,2025-02,IntlOthCons,105010104,01 - Secured-Revolving,05 - 120+ DPD,01 - <=620,99.11,04 - APAC,7125,412.27,3.91,0.17,0.23,3.85,390,45.05,59
Bank_101,458477,2025-02,IntlOthCons,105010201,01 - Secured-Revolving,05 - 120+ DPD,01 - <=620,78.46,01 - Canada,1551,203.93,3.55,1.99,1.48,4.06,106,24.86,22
Bank_102,991855,2025-02,IntlOthCons,105010202,01 - Secured-Revolving,05 - 120+ DPD,01 - <=620,35.77,02 - EMEA,7077,490.3,1.12,0.93,0.21,1.84,293,38.81,44
Bank_103,191589,2025-02,IntlOthCons,105010203,01 - Secured-Revolving,05 - 120+ DPD,01 - <=620,34.58,03 - LATAM,1144,462.7,3.37,0.29,1.21,2.45,450,7.65,69
Bank_104,766275,2025-02,IntlOthCons,105010204,01 - Secured-Revolving,05 - 120+ DPD,01 - <=620,48.6,04 - APAC,3987,229.02,0.63,0.66,1.33,-0.04,411,15.33,72
Bank_105,419839,2025-02,IntlOthCons,105020101,01 - Secured-Revolving,05 - 120+ DPD,02 - >620,53.45,01 - Canada,1990,81.8,4.68,0.7,1.48,3.9,278,47.98,71
Bank_106,872107,2025-02,IntlOthCons,105020102,01 - Secured-Revolving,05 - 120+ DPD,02 - >620,110.1,02 - EMEA,9432,318.37,0.85,0.66,0.54,0.97,254,40.72,18
Bank_107,141426,2025-02,IntlOthCons,105020103,01 - Secured-Revolving,05 - 120+ DPD,02 - >620,47.62,03 - LATAM,6287,244.68,3.82,0.13,1.36,2.59,144,10.04,26
Bank_108,769952,2025-02,IntlOthCons,105020104,01 - Secured-Revolving,05 - 120+ DPD,02 - >620,112.32,04 - APAC,5372,233.13,4.22,0.45,0.14,4.53,114,20.9,31
Bank_109,549555,2025-02,IntlOthCons,105020201,01 - Secured-Revolving,05 - 120+ DPD,02 - >620,108.27,01 - Canada,1239,489.61,1.64,1.39,0.14,2.89,444,12.05,22
Bank_110,866405,2025-02,IntlOthCons,105020202,01 - Secured-Revolving,05 - 120+ DPD,02 - >620,32.37,02 - EMEA,1498,248.2,4.83,0.56,0.57,4.82,201,48.19,63
Bank_111,378967,2025-02,IntlOthCons,105020203,01 - Secured-Revolving,05 - 120+ DPD,02 - >620,111.61,03 - LATAM,8949,364.75,4.83,0.66,1.13,4.36,216,19.75,44
Bank_112,565133,2025-02,IntlOthCons,105020204,01 - Secured-Revolving,05 - 120+ DPD,02 - >620,100.16,04 - APAC,1185,93.19,4.62,0.83,0.82,4.63,294,33.64,34
Bank_113,951211,2025-02,IntlOthCons,105030101,01 - Secured-Revolving,05 - 120+ DPD,,104.98,01 - Canada,5594,238.36,4.23,0.74,0.88,4.09,456,8.37,59
Bank_114,553061,2025-02,IntlOthCons,105030102,01 - Secured-Revolving,05 - 120+ DPD,,69.09,02 - EMEA,3308,249.36,3.15,1.11,1.16,3.1,160,28.55,16
Bank_115,412417,2025-02,IntlOthCons,105030103,01 - Secured-Revolving,05 - 120+ DPD,,108.97,03 - LATAM,4872,423.36,4.91,0.29,1.34,3.86,81,14.11,57
Bank_116,771855,2025-02,IntlOthCons,105030104,01 - Secured-Revolving,05 - 120+ DPD,,43.35,04 - APAC,5734,362.83,1.71,1.01,0.6,2.12,444,48.0,16
Bank_117,210010,2025-02,IntlOthCons,105030201,01 - Secured-Revolving,05 - 120+ DPD,,113.6,01 - Canada,9566,402.17,2.34,1.74,0.91,3.17,372,10.97,12
Bank_118,297692,2025-02,IntlOthCons,105030202,01 - Secured-Revolving,05 - 120+ DPD,,95.61,02 - EMEA,2359,440.13,4.71,1.64,0.83,5.52,167,45.37,51
Bank_119,840629,2025-02,IntlOthCons,105030203,01 - Secured-Revolving,05 - 120+ DPD,,73.2,03 - LATAM,6038,302.39,2.36,2.0,1.07,3.29,403,41.25,52
Bank_120,668250,2025-02,IntlOthCons,105030204,01 - Secured-Revolving,05 - 120+ DPD,,72.96,04 - APAC,6491,280.46,0.86,1.27,0.6,1.53,108,21.14,62
Bank_121,363441,2025-02,IntlOthCons,201010101,02 - Secured-Installment,XX - Current & 1-29 DPD,01 - <=620,58.48,01 - Canada,4216,382.58,2.87,1.35,1.19,3.03,362,35.17,27
Bank_122,123074,2025-02,IntlOthCons,201010102,02 - Secured-Installment,XX - Current & 1-29 DPD,01 - <=620,56.44,02 - EMEA,1831,99.69,1.53,1.36,0.49,2.4,224,27.44,63
Bank_123,542837,2025-02,IntlOthCons,201010103,02 - Secured-Installment,XX - Current & 1-29 DPD,01 - <=620,111.55,03 - LATAM,3827,345.04,3.29,0.26,1.09,2.46,89,26.69,65
Bank_124,689800,2025-02,IntlOthCons,201010104,02 - Secured-Installment,XX - Current & 1-29 DPD,01 - <=620,113.71,04 - APAC,3567,125.5,3.36,0.35,1.06,2.65,410,20.83,24
Bank_125,801862,2025-02,IntlOthCons,201010201,02 - Secured-Installment,XX - Current & 1-29 DPD,01 - <=620,94.91,01 - Canada,3213,292.94,3.61,1.84,0.51,4.94,272,15.6,48
Bank_126,542922,2025-02,IntlOthCons,201010202,02 - Secured-Installment,XX - Current & 1-29 DPD,01 - <=620,76.95,02 - EMEA,3361,181.71,0.52,0.71,0.61,0.62,486,38.09,24
Bank_127,332987,2025-02,IntlOthCons,201010203,02 - Secured-Installment,XX - Current & 1-29 DPD,01 - <=620,106.83,03 - LATAM,6872,426.71,1.95,1.3,0.92,2.33,376,27.68,59
Bank_128,590055,2025-02,IntlOthCons,201010204,02 - Secured-Installment,XX - Current & 1-29 DPD,01 - <=620,50.39,04 - APAC,7831,302.72,1.55,1.33,1.17,1.71,430,21.51,51
Bank_129,430920,2025-02,IntlOthCons,201020101,02 - Secured-Installment,XX - Current & 1-29 DPD,02 - >620,45.37,01 - Canada,9659,167.01,2.64,0.49,0.59,2.54,459,13.1,33
Bank_130,472130,2025-02,IntlOthCons,201020102,02 - Secured-Installment,XX - Current & 1-29 DPD,02 - >620,40.31,02 - EMEA,5257,154.82,2.2,1.39,0.54,3.05,265,32.19,55
Bank_131,940583,2025-02,IntlOthCons,201020103,02 - Secured-Installment,XX - Current & 1-29 DPD,02 - >620,108.25,03 - LATAM,9806,108.84,3.96,0.74,1.03,3.67,486,37.48,66
Bank_132,709349,2025-02,IntlOthCons,201020104,02 - Secured-Installment,XX - Current & 1-29 DPD,02 - >620,108.69,04 - APAC,9646,285.14,2.41,1.88,1.44,2.85,492,32.86,57
Bank_133,113401,2025-02,IntlOthCons,201020201,02 - Secured-Installment,XX - Current & 1-29 DPD,02 - >620,53.34,01 - Canada,5026,319.53,1.02,0.62,0.4,1.24,494,44.69,12
Bank_134,905896,2025-02,IntlOthCons,201020202,02 - Secured-Installment,XX - Current & 1-29 DPD,02 - >620,49.94,02 - EMEA,1364,173.9,1.94,0.9,0.77,2.07,206,21.34,32
Bank_135,240826,2025-02,IntlOthCons,201020203,02 - Secured-Installment,XX - Current & 1-29 DPD,02 - >620,114.41,03 - LATAM,6328,54.2,3.56,1.91,0.45,5.02,173,35.09,62
Bank_136,117634,2025-02,IntlOthCons,201020204,02 - Secured-Installment,XX - Current & 1-29 DPD,02 - >620,70.91,04 - APAC,3351,395.28,2.2,1.16,0.52,2.84,448,8.17,13
Bank_137,824268,2025-02,IntlOthCons,201030101,02 - Secured-Installment,XX - Current & 1-29 DPD,,118.93,01 - Canada,4995,435.5,1.64,1.88,1.34,2.18,80,30.2,34
Bank_138,145845,2025-02,IntlOthCons,201030102,02 - Secured-Installment,XX - Current & 1-29 DPD,,86.04,02 - EMEA,2898,472.87,3.89,0.93,0.4,4.42,298,30.83,15
Bank_139,559743,2025-02,IntlOthCons,201030103,02 - Secured-Installment,XX - Current & 1-29 DPD,,73.49,03 - LATAM,9293,53.28,1.34,1.66,0.22,2.78,499,47.47,53
Bank_140,795223,2025-02,IntlOthCons,201030104,02 - Secured-Installment,XX - Current & 1-29 DPD,,80.12,04 - APAC,4144,468.06,2.27,0.86,0.41,2.72,453,35.35,12
Bank_141,849715,2025-02,IntlOthCons,201030201,02 - Secured-Installment,XX - Current & 1-29 DPD,,79.12,01 - Canada,4601,240.25,1.37,0.11,1.33,0.15,309,16.78,58
Bank_142,687223,2025-02,IntlOthCons,201030202,02 - Secured-Installment,XX - Current & 1-29 DPD,,98.31,02 - EMEA,8703,327.85,1.68,1.28,0.96,2.0,158,5.29,29
Bank_143,307126,2025-02,IntlOthCons,201030203,02 - Secured-Installment,XX - Current & 1-29 DPD,,86.81,03 - LATAM,3014,391.38,0.62,1.6,1.13,1.09,425,31.3,63
Bank_144,744283,2025-02,IntlOthCons,201030204,02 - Secured-Installment,XX - Current & 1-29 DPD,,76.04,04 - APAC,4641,267.33,4.43,1.32,0.48,5.27,187,13.91,19
Bank_145,686433,2025-02,IntlOthCons,202010101,02 - Secured-Installment,02 - 30-59 DPD,01 - <=620,52.82,01 - Canada,1698,291.25,3.35,1.65,0.22,4.78,103,19.57,66
Bank_146,658796,2025-02,IntlOthCons,202010102,02 - Secured-Installment,02 - 30-59 DPD,01 - <=620,74.29,02 - EMEA,4817,248.05,2.92,1.14,0.93,3.13,244,33.6,31
Bank_147,964066,2025-02,IntlOthCons,202010103,02 - Secured-Installment,02 - 30-59 DPD,01 - <=620,38.36,03 - LATAM,8825,424.63,1.46,0.74,1.34,0.86,270,18.41,50
Bank_148,119131,2025-02,IntlOthCons,202010104,02 - Secured-Installment,02 - 30-59 DPD,01 - <=620,31.69,04 - APAC,7673,144.27,1.81,1.12,1.29,1.64,313,41.54,13
Bank_149,387238,2025-02,IntlOthCons,202010201,02 - Secured-Installment,02 - 30-59 DPD,01 - <=620,91.16,01 - Canada,4448,464.41,3.33,0.21,0.58,2.96,86,40.58,21
Bank_150,278698,2025-02,IntlOthCons,202010202,02 - Secured-Installment,02 - 30-59 DPD,01 - <=620,73.48,02 - EMEA,4252,188.23,1.61,0.72,1.49,0.84,97,48.47,20
Bank_151,959632,2025-02,IntlOthCons,202010203,02 - Secured-Installment,02 - 30-59 DPD,01 - <=620,76.3,03 - LATAM,2242,154.95,2.46,1.3,0.65,3.11,327,35.01,43
Bank_152,872752,2025-02,IntlOthCons,202010204,02 - Secured-Installment,02 - 30-59 DPD,01 - <=620,37.02,04 - APAC,8407,133.02,1.19,0.16,1.27,0.08,328,26.03,28
Bank_153,839336,2025-02,IntlOthCons,202020101,02 - Secured-Installment,02 - 30-59 DPD,02 - >620,113.24,01 - Canada,7535,343.99,2.56,1.08,0.84,2.8,317,44.33,55
Bank_154,127755,2025-02,IntlOthCons,202020102,02 - Secured-Installment,02 - 30-59 DPD,02 - >620,105.57,02 - EMEA,1234,331.51,3.09,1.81,0.87,4.03,384,15.15,55
Bank_155,240355,2025-02,IntlOthCons,202020103,02 - Secured-Installment,02 - 30-59 DPD,02 - >620,32.17,03 - LATAM,6077,333.72,1.16,0.8,0.93,1.03,433,33.24,43
Bank_156,130349,2025-02,IntlOthCons,202020104,02 - Secured-Installment,02 - 30-59 DPD,02 - >620,116.8,04 - APAC,2226,144.8,2.31,0.43,0.76,1.98,464,29.56,60
Bank_157,362320,2025-02,IntlOthCons,202020201,02 - Secured-Installment,02 - 30-59 DPD,02 - >620,79.16,01 - Canada,9996,100.94,2.13,0.42,1.42,1.13,427,6.4,60
Bank_158,493371,2025-02,IntlOthCons,202020202,02 - Secured-Installment,02 - 30-59 DPD,02 - >620,71.45,02 - EMEA,4691,54.58,1.55,0.71,0.2,2.06,70,43.44,51
Bank_159,829222,2025-02,IntlOthCons,202020203,02 - Secured-Installment,02 - 30-59 DPD,02 - >620,57.36,03 - LATAM,6685,296.54,4.93,0.56,0.54,4.95,194,9.66,31
Bank_160,984994,2025-02,IntlOthCons,202020204,02 - Secured-Installment,02 - 30-59 DPD,02 - >620,82.87,04 - APAC,4802,367.23,3.51,1.85,1.4,3.96,60,28.88,27
Bank_161,681519,2025-02,IntlOthCons,202030101,02 - Secured-Installment,02 - 30-59 DPD,,81.83,01 - Canada,3089,186.45,1.48,1.08,0.92,1.64,104,22.63,52
Bank_162,174737,2025-02,IntlOthCons,202030102,02 - Secured-Installment,02 - 30-59 DPD,,63.88,02 - EMEA,6882,357.39,3.69,1.25,0.34,4.6,412,40.58,64
Bank_163,927583,2025-02,IntlOthCons,202030103,02 - Secured-Installment,02 - 30-59 DPD,,63.56,03 - LATAM,2799,330.13,4.11,0.42,1.49,3.04,419,25.35,51
Bank_164,372894,2025-02,IntlOthCons,202030104,02 - Secured-Installment,02 - 30-59 DPD,,46.33,04 - APAC,3353,419.48,4.49,1.15,0.51,5.13,143,40.76,43
Bank_165,839113,2025-02,IntlOthCons,202030201,02 - Secured-Installment,02 - 30-59 DPD,,38.87,01 - Canada,1691,448.97,3.26,0.66,1.11,2.81,455,7.89,68
Bank_166,516419,2025-02,IntlOthCons,202030202,02 - Secured-Installment,02 - 30-59 DPD,,50.92,02 - EMEA,8706,126.05,4.75,1.3,0.12,5.93,348,5.45,20
Bank_167,434146,2025-02,IntlOthCons,202030203,02 - Secured-Installment,02 - 30-59 DPD,,109.94,03 - LATAM,2612,284.37,2.94,0.93,0.65,3.22,172,13.76,56
Bank_168,486503,2025-02,IntlOthCons,202030204,02 - Secured-Installment,02 - 30-59 DPD,,98.65,04 - APAC,6221,398.21,3.37,0.77,0.76,3.38,81,26.78,68
Bank_169,309731,2025-02,IntlOthCons,203010101,02 - Secured-Installment,03 - 60-89 DPD,01 - <=620,42.5,01 - Canada,6776,498.34,2.71,0.52,0.71,2.52,358,27.06,37
Bank_170,515984,2025-02,IntlOthCons,203010102,02 - Secured-Installment,03 - 60-89 DPD,01 - <=620,102.07,02 - EMEA,8652,367.49,2.66,1.02,0.16,3.52,459,6.48,42
Bank_171,375276,2025-02,IntlOthCons,203010103,02 - Secured-Installment,03 - 60-89 DPD,01 - <=620,37.58,03 - LATAM,7247,230.08,3.7,1.08,0.39,4.39,194,39.63,22
Bank_172,124629,2025-02,IntlOthCons,203010104,02 - Secured-Installment,03 - 60-89 DPD,01 - <=620,41.94,04 - APAC,3657,225.93,1.82,1.2,0.95,2.07,211,33.69,24
Bank_173,623864,2025-02,IntlOthCons,203010201,02 - Secured-Installment,03 - 60-89 DPD,01 - <=620,46.13,01 - Canada,2157,301.42,4.9,1.91,1.27,5.54,238,29.87,15
Bank_174,606900,2025-02,IntlOthCons,203010202,02 - Secured-Installment,03 - 60-89 DPD,01 - <=620,94.28,02 - EMEA,4021,348.08,1.25,1.48,0.69,2.04,275,26.32,43
Bank_175,813738,2025-02,IntlOthCons,203010203,02 - Secured-Installment,03 - 60-89 DPD,01 - <=620,82.35,03 - LATAM,5438,167.22,3.45,1.5,1.49,3.46,214,40.75,33
Bank_176,817108,2025-02,IntlOthCons,203010204,02 - Secured-Installment,03 - 60-89 DPD,01 - <=620,50.9,04 - APAC,2081,220.3,3.98,0.18,0.52,3.64,415,44.6,50
Bank_177,990028,2025-02,IntlOthCons,203020101,02 - Secured-Installment,03 - 60-89 DPD,02 - >620,48.36,01 - Canada,8094,117.38,1.9,0.24,0.19,1.95,399,46.51,34
Bank_178,436166,2025-02,IntlOthCons,203020102,02 - Secured-Installment,03 - 60-89 DPD,02 - >620,40.77,02 - EMEA,2254,497.82,1.67,1.45,0.66,2.46,337,48.44,67
Bank_179,134420,2025-02,IntlOthCons,203020103,02 - Secured-Installment,03 - 60-89 DPD,02 - >620,32.25,03 - LATAM,1094,104.45,4.86,0.21,0.11,4.96,364,16.64,40
Bank_180,299361,2025-02,IntlOthCons,203020104,02 - Secured-Installment,03 - 60-89 DPD,02 - >620,101.82,04 - APAC,4394,435.24,3.71,1.83,1.38,4.16,460,24.27,30
Bank_181,243352,2025-02,IntlOthCons,203020201,02 - Secured-Installment,03 - 60-89 DPD,02 - >620,56.11,01 - Canada,6197,343.71,2.08,0.68,0.9,1.86,377,38.93,59
Bank_182,893627,2025-02,IntlOthCons,203020202,02 - Secured-Installment,03 - 60-89 DPD,02 - >620,116.48,02 - EMEA,1087,361.22,3.86,1.46,1.38,3.94,289,21.84,17
Bank_183,830729,2025-02,IntlOthCons,203020203,02 - Secured-Installment,03 - 60-89 DPD,02 - >620,110.28,03 - LATAM,3058,153.93,0.9,0.68,0.93,0.65,112,33.41,33
Bank_184,928016,2025-02,IntlOthCons,203020204,02 - Secured-Installment,03 - 60-89 DPD,02 - >620,42.56,04 - APAC,9845,495.5,3.85,1.16,1.11,3.9,442,27.3,24
Bank_185,757812,2025-02,IntlOthCons,203030101,02 - Secured-Installment,03 - 60-89 DPD,,107.08,01 - Canada,2397,171.97,4.83,1.45,0.27,6.01,292,17.18,60
Bank_186,403511,2025-02,IntlOthCons,203030102,02 - Secured-Installment,03 - 60-89 DPD,,78.7,02 - EMEA,3279,96.03,3.59,0.48,0.37,3.7,266,28.43,18
Bank_187,283975,2025-02,IntlOthCons,203030103,02 - Secured-Installment,03 - 60-89 DPD,,112.32,03 - LATAM,8727,417.55,4.82,1.61,1.3,5.13,154,10.99,24
Bank_188,462141,2025-02,IntlOthCons,203030104,02 - Secured-Installment,03 - 60-89 DPD,,45.49,04 - APAC,5168,498.63,0.53,1.37,0.79,1.11,123,14.19,59
Bank_189,530101,2025-02,IntlOthCons,203030201,02 - Secured-Installment,03 - 60-89 DPD,,41.24,01 - Canada,6386,170.04,4.93,0.53,0.83,4.63,205,26.52,41
Bank_190,596360,2025-02,IntlOthCons,203030202,02 - Secured-Installment,03 - 60-89 DPD,,45.78,02 - EMEA,2414,169.47,1.92,0.66,0.52,2.06,472,35.29,31
Bank_191,303743,2025-02,IntlOthCons,203030203,02 - Secured-Installment,03 - 60-89 DPD,,36.17,03 - LATAM,3608,332.86,1.18,1.91,0.92,2.17,271,8.93,66
Bank_192,712171,2025-02,IntlOthCons,203030204,02 - Secured-Installment,03 - 60-89 DPD,,39.88,04 - APAC,9997,135.88,1.0,1.88,0.21,2.67,389,6.61,28
Bank_193,691808,2025-02,IntlOthCons,204010101,02 - Secured-Installment,04 - 90-119 DPD,01 - <=620,114.52,01 - Canada,8712,497.78,2.77,0.92,1.07,2.62,349,19.22,67
Bank_194,457633,2025-02,IntlOthCons,204010102,02 - Secured-Installment,04 - 90-119 DPD,01 - <=620,54.43,02 - EMEA,4450,419.52,4.24,0.75,0.52,4.47,111,41.75,33
Bank_195,277572,2025-02,IntlOthCons,204010103,02 - Secured-Installment,04 - 90-119 DPD,01 - <=620,61.32,03 - LATAM,5284,62.5,2.91,0.73,0.21,3.43,236,12.76,67
Bank_196,271941,2025-02,IntlOthCons,204010104,02 - Secured-Installment,04 - 90-119 DPD,01 - <=620,62.19,04 - APAC,5854,214.12,2.37,1.46,1.37,2.46,124,12.52,58
Bank_197,517815,2025-02,IntlOthCons,204010201,02 - Secured-Installment,04 - 90-119 DPD,01 - <=620,55.55,01 - Canada,1695,97.27,1.09,0.35,0.26,1.18,342,32.19,48
Bank_198,599324,2025-02,IntlOthCons,204010202,02 - Secured-Installment,04 - 90-119 DPD,01 - <=620,49.42,02 - EMEA,3579,243.36,4.74,1.09,0.94,4.89,120,32.71,45
Bank_199,143012,2025-02,IntlOthCons,204010203,02 - Secured-Installment,04 - 90-119 DPD,01 - <=620,77.33,03 - LATAM,2468,471.73,2.18,0.2,1.09,1.29,341,7.59,63
Bank_200,652623,2025-02,IntlOthCons,204010204,02 - Secured-Installment,04 - 90-119 DPD,01 - <=620,98.06,04 - APAC,4748,419.36,3.32,0.34,0.9,2.76,102,14.66,35
Bank_201,685876,2025-02,IntlOthCons,204020101,02 - Secured-Installment,04 - 90-119 DPD,02 - >620,76.24,01 - Canada,8627,294.18,2.14,1.87,0.21,3.8,95,32.41,35
Bank_202,872288,2025-02,IntlOthCons,204020102,02 - Secured-Installment,04 - 90-119 DPD,02 - >620,80.33,02 - EMEA,2287,365.51,2.03,0.96,0.41,2.58,382,49.27,62
Bank_203,928816,2025-02,IntlOthCons,204020103,02 - Secured-Installment,04 - 90-119 DPD,02 - >620,112.64,03 - LATAM,7259,431.48,4.69,0.28,0.54,4.43,277,19.0,30
Bank_204,539217,2025-02,IntlOthCons,204020104,02 - Secured-Installment,04 - 90-119 DPD,02 - >620,80.98,04 - APAC,6302,338.54,0.78,0.4,0.1,1.08,467,46.64,50
Bank_205,618948,2025-02,IntlOthCons,204020201,02 - Secured-Installment,04 - 90-119 DPD,02 - >620,54.33,01 - Canada,3357,86.03,2.08,1.85,1.17,2.76,149,46.38,56
Bank_206,782471,2025-02,IntlOthCons,204020202,02 - Secured-Installment,04 - 90-119 DPD,02 - >620,42.58,02 - EMEA,5558,303.64,3.02,1.48,0.19,4.31,483,32.98,63
Bank_207,421932,2025-02,IntlOthCons,204020203,02 - Secured-Installment,04 - 90-119 DPD,02 - >620,92.76,03 - LATAM,4871,131.77,3.27,1.67,0.37,4.57,147,36.41,14
Bank_208,359364,2025-02,IntlOthCons,204020204,02 - Secured-Installment,04 - 90-119 DPD,02 - >620,109.16,04 - APAC,8546,298.18,3.85,1.66,1.08,4.43,82,38.02,65
Bank_209,456661,2025-02,IntlOthCons,204030101,02 - Secured-Installment,04 - 90-119 DPD,,84.6,01 - Canada,4002,64.71,4.7,0.48,1.12,4.06,139,33.98,67
Bank_210,272644,2025-02,IntlOthCons,204030102,02 - Secured-Installment,04 - 90-119 DPD,,48.76,02 - EMEA,4563,249.0,4.05,1.15,1.14,4.06,495,22.22,21
Bank_211,648903,2025-02,IntlOthCons,204030103,02 - Secured-Installment,04 - 90-119 DPD,,96.18,03 - LATAM,5490,161.66,1.11,0.96,0.71,1.36,243,43.69,65
Bank_212,618379,2025-02,IntlOthCons,204030104,02 - Secured-Installment,04 - 90-119 DPD,,119.42,04 - APAC,4070,235.89,4.78,0.61,0.6,4.79,247,44.89,45
Bank_213,875860,2025-02,IntlOthCons,204030201,02 - Secured-Installment,04 - 90-119 DPD,,102.35,01 - Canada,9563,244.29,4.1,0.89,0.43,4.56,108,25.74,67
Bank_214,154680,2025-02,IntlOthCons,204030202,02 - Secured-Installment,04 - 90-119 DPD,,96.44,02 - EMEA,8788,478.48,1.15,0.42,0.32,1.25,153,11.35,49
Bank_215,404112,2025-02,IntlOthCons,204030203,02 - Secured-Installment,04 - 90-119 DPD,,111.25,03 - LATAM,4691,498.45,2.67,0.99,1.32,2.34,84,14.3,40
Bank_216,135482,2025-02,IntlOthCons,204030204,02 - Secured-Installment,04 - 90-119 DPD,,106.24,04 - APAC,8462,376.01,4.56,0.14,1.1,3.6,488,25.51,68
Bank_217,373607,2025-02,IntlOthCons,205010101,02 - Secured-Installment,05 - 120+ DPD,01 - <=620,67.38,01 - Canada,9381,166.09,2.03,1.65,0.26,3.42,204,39.92,72
Bank_218,896743,2025-02,IntlOthCons,205010102,02 - Secured-Installment,05 - 120+ DPD,01 - <=620,81.91,02 - EMEA,6932,70.52,0.63,1.51,1.27,0.87,191,26.39,70
Bank_219,166761,2025-02,IntlOthCons,205010103,02 - Secured-Installment,05 - 120+ DPD,01 - <=620,56.09,03 - LATAM,3304,346.41,2.13,1.51,1.06,2.58,402,30.87,69
Bank_220,427830,2025-02,IntlOthCons,205010104,02 - Secured-Installment,05 - 120+ DPD,01 - <=620,36.72,04 - APAC,4668,435.07,2.54,1.14,0.9,2.78,226,5.92,58
Bank_221,156950,2025-02,IntlOthCons,205010201,02 - Secured-Installment,05 - 120+ DPD,01 - <=620,73.76,01 - Canada,9982,105.78,3.18,1.11,1.45,2.84,303,30.12,15
Bank_222,980043,2025-02,IntlOthCons,205010202,02 - Secured-Installment,05 - 120+ DPD,01 - <=620,51.06,02 - EMEA,2068,196.42,1.39,0.34,0.96,0.77,329,9.3,15
Bank_223,316676,2025-02,IntlOthCons,205010203,02 - Secured-Installment,05 - 120+ DPD,01 - <=620,65.19,03 - LATAM,2918,245.56,2.97,1.33,1.07,3.23,498,23.84,41
Bank_224,446824,2025-02,IntlOthCons,205010204,02 - Secured-Installment,05 - 120+ DPD,01 - <=620,91.91,04 - APAC,9897,126.53,0.52,1.18,0.93,0.77,385,18.62,19
Bank_225,948354,2025-02,IntlOthCons,205020101,02 - Secured-Installment,05 - 120+ DPD,02 - >620,90.11,01 - Canada,4209,242.58,3.95,1.0,1.4,3.55,81,21.16,56
Bank_226,815046,2025-02,IntlOthCons,205020102,02 - Secured-Installment,05 - 120+ DPD,02 - >620,72.0,02 - EMEA,9743,287.96,3.82,0.21,0.12,3.91,433,35.82,13
Bank_227,832987,2025-02,IntlOthCons,205020103,02 - Secured-Installment,05 - 120+ DPD,02 - >620,76.57,03 - LATAM,4909,167.58,1.24,1.63,0.49,2.38,54,8.29,37
Bank_228,288196,2025-02,IntlOthCons,205020104,02 - Secured-Installment,05 - 120+ DPD,02 - >620,60.92,04 - APAC,5353,384.06,2.4,1.95,0.72,3.63,229,22.26,31
Bank_229,289780,2025-02,IntlOthCons,205020201,02 - Secured-Installment,05 - 120+ DPD,02 - >620,39.82,01 - Canada,6491,137.99,1.43,1.94,0.81,2.56,69,41.86,44
Bank_230,424175,2025-02,IntlOthCons,205020202,02 - Secured-Installment,05 - 120+ DPD,02 - >620,107.21,02 - EMEA,5843,492.22,1.37,0.52,1.48,0.41,262,44.11,37
Bank_231,851955,2025-02,IntlOthCons,205020203,02 - Secured-Installment,05 - 120+ DPD,02 - >620,78.24,03 - LATAM,4002,157.13,2.75,1.56,0.16,4.15,65,15.75,65
Bank_232,897627,2025-02,IntlOthCons,205020204,02 - Secured-Installment,05 - 120+ DPD,02 - >620,42.85,04 - APAC,1895,222.69,2.64,1.82,0.62,3.84,385,28.33,67
Bank_233,706262,2025-02,IntlOthCons,205030101,02 - Secured-Installment,05 - 120+ DPD,,30.01,01 - Canada,4492,77.61,1.75,1.82,0.77,2.8,458,6.2,36
Bank_234,663200,2025-02,IntlOthCons,205030102,02 - Secured-Installment,05 - 120+ DPD,,94.26,02 - EMEA,9866,310.01,4.62,0.26,0.87,4.01,198,7.29,15
Bank_235,103118,2025-02,IntlOthCons,205030103,02 - Secured-Installment,05 - 120+ DPD,,36.86,03 - LATAM,1495,245.67,3.83,1.13,0.72,4.24,398,34.24,42
Bank_236,138054,2025-02,IntlOthCons,205030104,02 - Secured-Installment,05 - 120+ DPD,,107.06,04 - APAC,1727,497.47,1.82,0.24,0.67,1.39,437,5.88,69
Bank_237,158577,2025-02,IntlOthCons,205030201,02 - Secured-Installment,05 - 120+ DPD,,100.74,01 - Canada,2435,126.2,4.15,0.78,1.34,3.59,285,33.74,54
Bank_238,697795,2025-02,IntlOthCons,205030202,02 - Secured-Installment,05 - 120+ DPD,,92.93,02 - EMEA,7742,171.68,2.96,0.64,0.35,3.25,224,40.3,56
Bank_239,796987,2025-02,IntlOthCons,205030203,02 - Secured-Installment,05 - 120+ DPD,,75.62,03 - LATAM,3804,144.72,4.35,1.09,0.32,5.12,487,5.01,45
Bank_240,494865,2025-02,IntlOthCons,205030204,02 - Secured-Installment,05 - 120+ DPD,,77.37,04 - APAC,4060,118.15,4.07,1.06,1.02,4.11,230,12.76,33
Bank_241,926732,2025-02,IntlOthCons,301010101,03 - Unsecured-Revolving,XX - Current & 1-29 DPD,01 - <=620,53.27,01 - Canada,8409,475.43,4.91,0.37,0.33,4.95,97,15.6,59
Bank_242,132407,2025-02,IntlOthCons,301010102,03 - Unsecured-Revolving,XX - Current & 1-29 DPD,01 - <=620,108.21,02 - EMEA,2377,200.72,4.22,0.48,1.0,3.7,372,12.83,28
Bank_243,446180,2025-02,IntlOthCons,301010103,03 - Unsecured-Revolving,XX - Current & 1-29 DPD,01 - <=620,43.84,03 - LATAM,7183,60.11,3.51,0.55,1.0,3.06,219,33.64,44
Bank_244,393544,2025-02,IntlOthCons,301010104,03 - Unsecured-Revolving,XX - Current & 1-29 DPD,01 - <=620,101.17,04 - APAC,5933,428.76,2.89,1.74,0.85,3.78,67,13.81,32
Bank_245,109869,2025-02,IntlOthCons,301010201,03 - Unsecured-Revolving,XX - Current & 1-29 DPD,01 - <=620,61.86,01 - Canada,9568,261.74,3.68,1.83,0.4,5.11,193,42.98,23
Bank_246,513619,2025-02,IntlOthCons,301010202,03 - Unsecured-Revolving,XX - Current & 1-29 DPD,01 - <=620,54.15,02 - EMEA,9286,414.44,1.97,0.44,0.9,1.51,487,33.43,19
Bank_247,724937,2025-02,IntlOthCons,301010203,03 - Unsecured-Revolving,XX - Current & 1-29 DPD,01 - <=620,59.19,03 - LATAM,2230,498.56,1.53,1.61,1.38,1.76,322,35.86,48
Bank_248,660184,2025-02,IntlOthCons,301010204,03 - Unsecured-Revolving,XX - Current & 1-29 DPD,01 - <=620,72.85,04 - APAC,6778,346.81,0.96,0.67,1.16,0.47,366,43.66,70
Bank_249,329315,2025-02,IntlOthCons,301020101,03 - Unsecured-Revolving,XX - Current & 1-29 DPD,02 - >620,73.46,01 - Canada,7327,381.75,3.66,1.19,0.87,3.98,497,29.3,49
Bank_250,804624,2025-02,IntlOthCons,301020102,03 - Unsecured-Revolving,XX - Current & 1-29 DPD,02 - >620,71.09,02 - EMEA,5641,293.08,2.07,1.14,1.14,2.07,186,31.63,24
Bank_251,610377,2025-02,IntlOthCons,301020103,03 - Unsecured-Revolving,XX - Current & 1-29 DPD,02 - >620,110.73,03 - LATAM,5295,371.01,3.81,0.36,0.72,3.45,383,15.51,45
Bank_252,930696,2025-02,IntlOthCons,301020104,03 - Unsecured-Revolving,XX - Current & 1-29 DPD,02 - >620,101.2,04 - APAC,7148,96.31,0.62,0.49,0.54,0.57,451,16.03,44
Bank_253,319117,2025-02,IntlOthCons,301020201,03 - Unsecured-Revolving,XX - Current & 1-29 DPD,02 - >620,119.86,01 - Canada,7624,433.93,2.84,0.79,1.03,2.6,452,16.57,26
Bank_254,445840,2025-02,IntlOthCons,301020202,03 - Unsecured-Revolving,XX - Current & 1-29 DPD,02 - >620,56.96,02 - EMEA,2557,148.22,3.75,1.75,0.28,5.22,162,6.45,45
Bank_255,739077,2025-02,IntlOthCons,301020203,03 - Unsecured-Revolving,XX - Current & 1-29 DPD,02 - >620,68.88,03 - LATAM,4166,245.91,3.96,1.15,0.58,4.53,374,37.79,64
Bank_256,358635,2025-02,IntlOthCons,301020204,03 - Unsecured-Revolving,XX - Current & 1-29 DPD,02 - >620,53.59,04 - APAC,4632,292.04,3.23,1.54,0.65,4.12,430,30.63,36
Bank_257,518589,2025-02,IntlOthCons,301030101,03 - Unsecured-Revolving,XX - Current & 1-29 DPD,,35.88,01 - Canada,5131,243.04,0.84,1.68,0.12,2.4,271,35.66,30
Bank_258,988218,2025-02,IntlOthCons,301030102,03 - Unsecured-Revolving,XX - Current & 1-29 DPD,,93.99,02 - EMEA,9006,346.59,4.39,0.44,0.19,4.64,400,19.73,25
Bank_259,511093,2025-02,IntlOthCons,301030103,03 - Unsecured-Revolving,XX - Current & 1-29 DPD,,116.05,03 - LATAM,9740,122.09,1.73,0.44,1.02,1.15,198,10.06,21
Bank_260,790713,2025-02,IntlOthCons,301030104,03 - Unsecured-Revolving,XX - Current & 1-29 DPD,,79.2,04 - APAC,4091,88.95,4.74,0.64,1.16,4.22,257,30.85,63
Bank_261,158490,2025-02,IntlOthCons,301030201,03 - Unsecured-Revolving,XX - Current & 1-29 DPD,,91.01,01 - Canada,7871,492.24,1.98,0.5,1.41,1.07,336,34.02,41
Bank_262,518964,2025-02,IntlOthCons,301030202,03 - Unsecured-Revolving,XX - Current & 1-29 DPD,,80.77,02 - EMEA,5511,198.63,1.83,1.4,1.24,1.99,250,16.93,40
Bank_263,317647,2025-02,IntlOthCons,301030203,03 - Unsecured-Revolving,XX - Current & 1-29 DPD,,55.36,03 - LATAM,3048,244.4,2.28,1.21,0.2,3.29,422,7.36,71
Bank_264,772040,2025-02,IntlOthCons,301030204,03 - Unsecured-Revolving,XX - Current & 1-29 DPD,,60.33,04 - APAC,5005,102.83,1.94,1.41,0.95,2.4,216,34.68,45
Bank_265,718100,2025-02,IntlOthCons,302010101,03 - Unsecured-Revolving,02 - 30-59 DPD,01 - <=620,49.8,01 - Canada,9292,454.91,0.78,0.62,0.85,0.55,324,35.54,46
Bank_266,585989,2025-02,IntlOthCons,302010102,03 - Unsecured-Revolving,02 - 30-59 DPD,01 - <=620,94.21,02 - EMEA,9296,261.24,1.02,0.67,0.59,1.1,306,10.38,55
Bank_267,397630,2025-02,IntlOthCons,302010103,03 - Unsecured-Revolving,02 - 30-59 DPD,01 - <=620,65.91,03 - LATAM,7582,488.08,2.9,0.33,1.18,2.05,390,48.69,67
Bank_268,413564,2025-02,IntlOthCons,302010104,03 - Unsecured-Revolving,02 - 30-59 DPD,01 - <=620,54.77,04 - APAC,4745,402.15,1.79,1.57,1.29,2.07,445,29.82,48
Bank_269,854910,2025-02,IntlOthCons,302010201,03 - Unsecured-Revolving,02 - 30-59 DPD,01 - <=620,49.17,01 - Canada,1813,467.07,4.56,1.4,0.88,5.08,473,17.39,55
Bank_270,373305,2025-02,IntlOthCons,302010202,03 - Unsecured-Revolving,02 - 30-59 DPD,01 - <=620,111.83,02 - EMEA,9568,359.95,2.67,1.34,0.17,3.84,60,38.26,26
Bank_271,267121,2025-02,IntlOthCons,302010203,03 - Unsecured-Revolving,02 - 30-59 DPD,01 - <=620,102.44,03 - LATAM,9831,229.74,2.37,0.13,1.25,1.25,464,9.24,56
Bank_272,895225,2025-02,IntlOthCons,302010204,03 - Unsecured-Revolving,02 - 30-59 DPD,01 - <=620,102.29,04 - APAC,5815,465.32,1.68,1.07,0.4,2.35,236,26.5,49
Bank_273,147879,2025-02,IntlOthCons,302020101,03 - Unsecured-Revolving,02 - 30-59 DPD,02 - >620,60.75,01 - Canada,5192,143.02,1.38,1.07,0.53,1.92,65,19.55,38
Bank_274,370406,2025-02,IntlOthCons,302020102,03 - Unsecured-Revolving,02 - 30-59 DPD,02 - >620,54.13,02 - EMEA,6580,418.96,1.39,1.38,0.92,1.85,63,12.55,46
Bank_275,222220,2025-02,IntlOthCons,302020103,03 - Unsecured-Revolving,02 - 30-59 DPD,02 - >620,52.24,03 - LATAM,7291,154.12,0.84,0.62,1.34,0.12,318,30.86,21
Bank_276,873498,2025-02,IntlOthCons,302020104,03 - Unsecured-Revolving,02 - 30-59 DPD,02 - >620,106.29,04 - APAC,7703,448.0,3.22,0.73,0.69,3.26,91,26.75,28
Bank_277,367084,2025-02,IntlOthCons,302020201,03 - Unsecured-Revolving,02 - 30-59 DPD,02 - >620,47.17,01 - Canada,9408,279.66,4.52,1.23,0.18,5.57,308,10.32,49
Bank_278,574924,2025-02,IntlOthCons,302020202,03 - Unsecured-Revolving,02 - 30-59 DPD,02 - >620,54.55,02 - EMEA,1330,176.3,1.04,1.04,0.91,1.17,258,47.81,51
Bank_279,159360,2025-02,IntlOthCons,302020203,03 - Unsecured-Revolving,02 - 30-59 DPD,02 - >620,68.89,03 - LATAM,2099,149.77,4.66,1.71,0.13,6.24,209,44.06,53
Bank_280,858600,2025-02,IntlOthCons,302020204,03 - Unsecured-Revolving,02 - 30-59 DPD,02 - >620,54.79,04 - APAC,2554,212.89,3.06,1.84,0.18,4.72,429,30.25,69
Bank_281,580518,2025-02,IntlOthCons,302030101,03 - Unsecured-Revolving,02 - 30-59 DPD,,76.52,01 - Canada,6441,337.1,0.96,0.78,1.08,0.66,293,13.64,59
Bank_282,598749,2025-02,IntlOthCons,302030102,03 - Unsecured-Revolving,02 - 30-59 DPD,,78.53,02 - EMEA,4505,250.75,1.69,1.57,1.01,2.25,411,29.19,41
Bank_283,234053,2025-02,IntlOthCons,302030103,03 - Unsecured-Revolving,02 - 30-59 DPD,,31.23,03 - LATAM,5299,406.41,4.87,0.67,0.17,5.37,364,26.58,57
Bank_284,444839,2025-02,IntlOthCons,302030104,03 - Unsecured-Revolving,02 - 30-59 DPD,,111.15,04 - APAC,8001,143.91,4.63,1.83,1.37,5.09,441,17.84,66
Bank_285,961033,2025-02,IntlOthCons,302030201,03 - Unsecured-Revolving,02 - 30-59 DPD,,108.15,01 - Canada,2802,133.3,3.37,0.6,1.4,2.57,212,9.74,22
Bank_286,236538,2025-02,IntlOthCons,302030202,03 - Unsecured-Revolving,02 - 30-59 DPD,,68.4,02 - EMEA,8932,276.22,0.76,1.8,0.5,2.06,434,30.61,59
Bank_287,182037,2025-02,IntlOthCons,302030203,03 - Unsecured-Revolving,02 - 30-59 DPD,,99.59,03 - LATAM,4497,458.5,1.63,0.31,0.46,1.48,210,32.05,53
Bank_288,535680,2025-02,IntlOthCons,302030204,03 - Unsecured-Revolving,02 - 30-59 DPD,,35.97,04 - APAC,1553,222.98,4.1,0.62,0.48,4.24,112,11.53,34
Bank_289,767411,2025-02,IntlOthCons,303010101,03 - Unsecured-Revolving,03 - 60-89 DPD,01 - <=620,37.12,01 - Canada,4056,335.76,2.6,1.76,0.77,3.59,311,10.2,66
Bank_290,380306,2025-02,IntlOthCons,303010102,03 - Unsecured-Revolving,03 - 60-89 DPD,01 - <=620,39.28,02 - EMEA,4382,247.46,3.03,1.71,0.49,4.25,281,30.86,17
Bank_291,535646,2025-02,IntlOthCons,303010103,03 - Unsecured-Revolving,03 - 60-89 DPD,01 - <=620,80.75,03 - LATAM,8686,195.66,4.72,1.85,1.36,5.21,483,10.62,58
Bank_292,795591,2025-02,IntlOthCons,303010104,03 - Unsecured-Revolving,03 - 60-89 DPD,01 - <=620,101.23,04 - APAC,6595,298.08,4.43,1.25,1.11,4.57,65,6.37,55
Bank_293,578458,2025-02,IntlOthCons,303010201,03 - Unsecured-Revolving,03 - 60-89 DPD,01 - <=620,66.85,01 - Canada,6148,402.42,1.16,0.84,0.12,1.88,54,24.66,71
Bank_294,446577,2025-02,IntlOthCons,303010202,03 - Unsecured-Revolving,03 - 60-89 DPD,01 - <=620,73.65,02 - EMEA,1345,166.02,1.72,1.66,0.55,2.83,314,8.0,36
Bank_295,165689,2025-02,IntlOthCons,303010203,03 - Unsecured-Revolving,03 - 60-89 DPD,01 - <=620,89.99,03 - LATAM,1504,179.78,4.35,0.59,0.77,4.17,276,6.64,45
Bank_296,157696,2025-02,IntlOthCons,303010204,03 - Unsecured-Revolving,03 - 60-89 DPD,01 - <=620,63.37,04 - APAC,1779,114.59,0.96,1.7,0.76,1.9,133,30.74,22
Bank_297,350919,2025-02,IntlOthCons,303020101,03 - Unsecured-Revolving,03 - 60-89 DPD,02 - >620,32.44,01 - Canada,3015,362.69,3.55,0.54,0.99,3.1,243,33.83,44
Bank_298,630570,2025-02,IntlOthCons,303020102,03 - Unsecured-Revolving,03 - 60-89 DPD,02 - >620,90.66,02 - EMEA,4315,111.94,3.49,1.24,0.86,3.87,305,49.61,68
Bank_299,517122,2025-02,IntlOthCons,303020103,03 - Unsecured-Revolving,03 - 60-89 DPD,02 - >620,106.15,03 - LATAM,7827,69.42,1.25,1.25,1.3,1.2,154,45.29,71
Bank_300,699993,2025-02,IntlOthCons,303020104,03 - Unsecured-Revolving,03 - 60-89 DPD,02 - >620,102.46,04 - APAC,2430,237.46,2.3,0.39,0.98,1.71,172,22.26,67
Bank_301,542647,2025-02,IntlOthCons,303020201,03 - Unsecured-Revolving,03 - 60-89 DPD,02 - >620,71.65,01 - Canada,8321,189.89,3.46,0.25,1.49,2.22,132,28.23,69
Bank_302,469488,2025-02,IntlOthCons,303020202,03 - Unsecured-Revolving,03 - 60-89 DPD,02 - >620,57.94,02 - EMEA,1546,441.17,3.67,1.96,0.2,5.43,408,34.37,68
Bank_303,652748,2025-02,IntlOthCons,303020203,03 - Unsecured-Revolving,03 - 60-89 DPD,02 - >620,58.79,03 - LATAM,5172,321.09,4.7,1.72,0.27,6.15,155,7.18,39
Bank_304,755809,2025-02,IntlOthCons,303020204,03 - Unsecured-Revolving,03 - 60-89 DPD,02 - >620,78.92,04 - APAC,9537,431.66,0.94,0.62,1.17,0.39,142,31.76,13
Bank_305,366105,2025-02,IntlOthCons,303030101,03 - Unsecured-Revolving,03 - 60-89 DPD,,110.28,01 - Canada,9215,427.68,4.2,1.31,0.22,5.29,403,34.38,17
Bank_306,662708,2025-02,IntlOthCons,303030102,03 - Unsecured-Revolving,03 - 60-89 DPD,,107.39,02 - EMEA,6644,148.72,2.66,1.81,1.0,3.47,397,38.75,67
Bank_307,158629,2025-02,IntlOthCons,303030103,03 - Unsecured-Revolving,03 - 60-89 DPD,,47.02,03 - LATAM,2901,108.4,2.04,1.14,0.79,2.39,406,30.25,66
Bank_308,312204,2025-02,IntlOthCons,303030104,03 - Unsecured-Revolving,03 - 60-89 DPD,,67.43,04 - APAC,1368,139.13,1.94,1.45,0.29,3.1,432,23.42,16
Bank_309,988637,2025-02,IntlOthCons,303030201,03 - Unsecured-Revolving,03 - 60-89 DPD,,75.96,01 - Canada,1805,88.54,4.7,1.56,1.23,5.03,211,37.03,45
Bank_310,662696,2025-02,IntlOthCons,303030202,03 - Unsecured-Revolving,03 - 60-89 DPD,,85.77,02 - EMEA,4977,431.75,3.61,1.75,0.58,4.78,137,45.27,33
Bank_311,752040,2025-02,IntlOthCons,303030203,03 - Unsecured-Revolving,03 - 60-89 DPD,,64.8,03 - LATAM,7494,132.14,2.32,0.26,0.86,1.72,391,42.93,67
Bank_312,774144,2025-02,IntlOthCons,303030204,03 - Unsecured-Revolving,03 - 60-89 DPD,,34.51,04 - APAC,4040,414.2,2.38,1.33,1.38,2.33,125,14.93,55
Bank_313,463657,2025-02,IntlOthCons,304010101,03 - Unsecured-Revolving,04 - 90-119 DPD,01 - <=620,119.52,01 - Canada,6472,82.86,1.86,1.68,0.1,3.44,295,47.34,63
Bank_314,913926,2025-02,IntlOthCons,304010102,03 - Unsecured-Revolving,04 - 90-119 DPD,01 - <=620,52.41,02 - EMEA,5520,255.15,3.81,0.96,0.64,4.13,267,34.16,21
Bank_315,100924,2025-02,IntlOthCons,304010103,03 - Unsecured-Revolving,04 - 90-119 DPD,01 - <=620,96.53,03 - LATAM,4063,297.96,1.85,1.76,1.46,2.15,235,16.75,37
Bank_316,900364,2025-02,IntlOthCons,304010104,03 - Unsecured-Revolving,04 - 90-119 DPD,01 - <=620,40.87,04 - APAC,1401,492.79,3.9,1.19,0.62,4.47,255,19.61,66
Bank_317,345291,2025-02,IntlOthCons,304010201,03 - Unsecured-Revolving,04 - 90-119 DPD,01 - <=620,109.07,01 - Canada,5767,99.36,4.74,0.31,0.82,4.23,393,22.18,69
Bank_318,795256,2025-02,IntlOthCons,304010202,03 - Unsecured-Revolving,04 - 90-119 DPD,01 - <=620,109.53,02 - EMEA,3414,360.68,4.49,1.3,1.09,4.7,400,41.44,56
Bank_319,815115,2025-02,IntlOthCons,304010203,03 - Unsecured-Revolving,04 - 90-119 DPD,01 - <=620,33.48,03 - LATAM,9157,193.36,4.12,1.47,0.11,5.48,109,32.6,23
Bank_320,439671,2025-02,IntlOthCons,304010204,03 - Unsecured-Revolving,04 - 90-119 DPD,01 - <=620,116.62,04 - APAC,4311,487.96,1.37,1.3,1.33,1.34,147,15.67,21
Bank_321,693370,2025-02,IntlOthCons,304020101,03 - Unsecured-Revolving,04 - 90-119 DPD,02 - >620,54.56,01 - Canada,9458,129.68,3.39,1.55,0.24,4.7,324,6.34,64
Bank_322,254954,2025-02,IntlOthCons,304020102,03 - Unsecured-Revolving,04 - 90-119 DPD,02 - >620,94.75,02 - EMEA,9494,470.42,4.25,1.16,1.37,4.04,225,20.32,55
Bank_323,738743,2025-02,IntlOthCons,304020103,03 - Unsecured-Revolving,04 - 90-119 DPD,02 - >620,95.31,03 - LATAM,9673,185.0,2.42,1.67,1.0,3.09,125,30.67,39
Bank_324,587830,2025-02,IntlOthCons,304020104,03 - Unsecured-Revolving,04 - 90-119 DPD,02 - >620,45.6,04 - APAC,9759,451.82,1.49,1.9,0.66,2.73,126,49.99,18
Bank_325,620600,2025-02,IntlOthCons,304020201,03 - Unsecured-Revolving,04 - 90-119 DPD,02 - >620,32.02,01 - Canada,7847,198.59,1.18,0.72,1.31,0.59,197,7.82,63
Bank_326,387092,2025-02,IntlOthCons,304020202,03 - Unsecured-Revolving,04 - 90-119 DPD,02 - >620,94.86,02 - EMEA,1674,252.11,2.38,0.59,0.32,2.65,246,39.78,56
Bank_327,939491,2025-02,IntlOthCons,304020203,03 - Unsecured-Revolving,04 - 90-119 DPD,02 - >620,109.1,03 - LATAM,7353,207.75,1.16,0.54,0.69,1.01,327,19.68,25
Bank_328,510158,2025-02,IntlOthCons,304020204,03 - Unsecured-Revolving,04 - 90-119 DPD,02 - >620,89.21,04 - APAC,3165,375.6,0.94,0.39,0.93,0.4,174,49.31,62
Bank_329,559384,2025-02,IntlOthCons,304030101,03 - Unsecured-Revolving,04 - 90-119 DPD,,107.28,01 - Canada,9990,477.88,4.94,1.2,0.97,5.17,381,14.79,45
Bank_330,956394,2025-02,IntlOthCons,304030102,03 - Unsecured-Revolving,04 - 90-119 DPD,,38.89,02 - EMEA,9414,214.02,2.63,0.7,0.36,2.97,289,26.7,42
Bank_331,592860,2025-02,IntlOthCons,304030103,03 - Unsecured-Revolving,04 - 90-119 DPD,,40.04,03 - LATAM,9697,316.63,3.96,1.62,0.37,5.21,273,17.02,49
Bank_332,374964,2025-02,IntlOthCons,304030104,03 - Unsecured-Revolving,04 - 90-119 DPD,,83.62,04 - APAC,7348,268.84,2.47,2.0,0.41,4.06,254,42.93,15
Bank_333,889984,2025-02,IntlOthCons,304030201,03 - Unsecured-Revolving,04 - 90-119 DPD,,114.0,01 - Canada,5067,133.78,4.17,0.68,0.89,3.96,269,11.69,62
Bank_334,211969,2025-02,IntlOthCons,304030202,03 - Unsecured-Revolving,04 - 90-119 DPD,,71.14,02 - EMEA,2383,189.34,3.68,1.45,1.41,3.72,128,36.43,72
Bank_335,472672,2025-02,IntlOthCons,304030203,03 - Unsecured-Revolving,04 - 90-119 DPD,,93.81,03 - LATAM,4514,374.06,4.26,1.86,0.81,5.31,95,40.4,48
Bank_336,816075,2025-02,IntlOthCons,304030204,03 - Unsecured-Revolving,04 - 90-119 DPD,,74.3,04 - APAC,5839,195.91,4.78,0.33,1.21,3.9,234,44.38,39
Bank_337,352853,2025-02,IntlOthCons,305010101,03 - Unsecured-Revolving,05 - 120+ DPD,01 - <=620,73.81,01 - Canada,6166,116.82,3.15,1.49,1.17,3.47,246,7.74,28
Bank_338,334316,2025-02,IntlOthCons,305010102,03 - Unsecured-Revolving,05 - 120+ DPD,01 - <=620,97.21,02 - EMEA,1993,92.0,3.14,0.3,0.61,2.83,119,10.81,70
Bank_339,425783,2025-02,IntlOthCons,305010103,03 - Unsecured-Revolving,05 - 120+ DPD,01 - <=620,74.51,03 - LATAM,3016,396.51,4.01,1.63,1.07,4.57,119,5.5,44
Bank_340,192716,2025-02,IntlOthCons,305010104,03 - Unsecured-Revolving,05 - 120+ DPD,01 - <=620,82.48,04 - APAC,2733,452.28,3.8,1.49,0.51,4.78,386,36.74,67
Bank_341,734686,2025-02,IntlOthCons,305010201,03 - Unsecured-Revolving,05 - 120+ DPD,01 - <=620,81.28,01 - Canada,1220,367.02,4.3,0.86,0.42,4.74,114,24.9,31
Bank_342,243915,2025-02,IntlOthCons,305010202,03 - Unsecured-Revolving,05 - 120+ DPD,01 - <=620,115.24,02 - EMEA,7961,199.19,3.84,1.37,0.62,4.59,201,23.22,18
Bank_343,221356,2025-02,IntlOthCons,305010203,03 - Unsecured-Revolving,05 - 120+ DPD,01 - <=620,50.54,03 - LATAM,4599,311.78,3.09,1.0,0.96,3.13,131,43.37,46
Bank_344,150972,2025-02,IntlOthCons,305010204,03 - Unsecured-Revolving,05 - 120+ DPD,01 - <=620,107.08,04 - APAC,8661,228.77,2.4,1.02,0.21,3.21,168,7.43,20
Bank_345,782003,2025-02,IntlOthCons,305020101,03 - Unsecured-Revolving,05 - 120+ DPD,02 - >620,81.43,01 - Canada,8139,132.14,4.42,0.77,1.12,4.07,73,27.42,69
Bank_346,406104,2025-02,IntlOthCons,305020102,03 - Unsecured-Revolving,05 - 120+ DPD,02 - >620,96.56,02 - EMEA,3927,283.77,1.83,1.08,0.26,2.65,454,11.12,23
Bank_347,413679,2025-02,IntlOthCons,305020103,03 - Unsecured-Revolving,05 - 120+ DPD,02 - >620,39.97,03 - LATAM,4080,172.45,3.11,0.51,0.61,3.01,472,31.82,29
Bank_348,910548,2025-02,IntlOthCons,305020104,03 - Unsecured-Revolving,05 - 120+ DPD,02 - >620,86.22,04 - APAC,8081,183.07,4.23,1.96,1.15,5.04,212,14.94,34
Bank_349,291233,2025-02,IntlOthCons,305020201,03 - Unsecured-Revolving,05 - 120+ DPD,02 - >620,101.88,01 - Canada,5180,327.95,1.63,1.34,1.34,1.63,396,44.58,29
Bank_350,641768,2025-02,IntlOthCons,305020202,03 - Unsecured-Revolving,05 - 120+ DPD,02 - >620,56.88,02 - EMEA,7288,348.08,3.84,1.13,0.95,4.02,478,44.64,21
Bank_351,698727,2025-02,IntlOthCons,305020203,03 - Unsecured-Revolving,05 - 120+ DPD,02 - >620,63.59,03 - LATAM,7095,491.76,0.62,1.48,1.33,0.77,194,26.79,37
Bank_352,970179,2025-02,IntlOthCons,305020204,03 - Unsecured-Revolving,05 - 120+ DPD,02 - >620,80.66,04 - APAC,7487,308.64,4.07,1.1,0.4,4.77,340,12.77,72
Bank_353,591973,2025-02,IntlOthCons,305030101,03 - Unsecured-Revolving,05 - 120+ DPD,,67.53,01 - Canada,9732,190.24,4.98,1.4,0.26,6.12,296,5.32,35
Bank_354,377756,2025-02,IntlOthCons,305030102,03 - Unsecured-Revolving,05 - 120+ DPD,,69.27,02 - EMEA,2850,110.18,4.71,1.7,0.97,5.44,181,25.38,52
Bank_355,552814,2025-02,IntlOthCons,305030103,03 - Unsecured-Revolving,05 - 120+ DPD,,114.79,03 - LATAM,5947,315.99,4.31,0.52,0.84,3.99,134,35.32,20
Bank_356,753656,2025-02,IntlOthCons,305030104,03 - Unsecured-Revolving,05 - 120+ DPD,,49.65,04 - APAC,8137,305.51,2.14,0.57,1.3,1.41,183,47.94,54
Bank_357,851028,2025-02,IntlOthCons,305030201,03 - Unsecured-Revolving,05 - 120+ DPD,,43.48,01 - Canada,8027,265.11,3.53,0.63,0.3,3.86,110,12.73,62
Bank_358,220265,2025-02,IntlOthCons,305030202,03 - Unsecured-Revolving,05 - 120+ DPD,,45.12,02 - EMEA,4085,132.59,4.55,1.81,0.32,6.04,410,6.37,31
Bank_359,191344,2025-02,IntlOthCons,305030203,03 - Unsecured-Revolving,05 - 120+ DPD,,95.42,03 - LATAM,4957,496.91,1.39,1.92,0.56,2.75,203,23.82,47
Bank_360,846442,2025-02,IntlOthCons,305030204,03 - Unsecured-Revolving,05 - 120+ DPD,,56.24,04 - APAC,5500,459.13,3.0,0.58,0.45,3.13,145,10.79,27
Bank_361,723480,2025-02,IntlOthCons,401010101,04 - Unsecured-Installment,XX - Current & 1-29 DPD,01 - <=620,83.33,01 - Canada,3990,434.0,4.13,0.34,0.97,3.5,240,39.2,69
Bank_362,704845,2025-02,IntlOthCons,401010102,04 - Unsecured-Installment,XX - Current & 1-29 DPD,01 - <=620,52.32,02 - EMEA,7972,237.04,1.02,1.68,0.39,2.31,477,44.22,15
Bank_363,263270,2025-02,IntlOthCons,401010103,04 - Unsecured-Installment,XX - Current & 1-29 DPD,01 - <=620,87.51,03 - LATAM,9200,166.69,0.85,1.28,0.83,1.3,459,13.45,62
Bank_364,255062,2025-02,IntlOthCons,401010104,04 - Unsecured-Installment,XX - Current & 1-29 DPD,01 - <=620,81.81,04 - APAC,5752,248.9,4.45,0.27,0.78,3.94,267,24.45,36
Bank_365,635284,2025-02,IntlOthCons,401010201,04 - Unsecured-Installment,XX - Current & 1-29 DPD,01 - <=620,89.36,01 - Canada,8345,118.53,1.29,1.76,0.99,2.06,434,6.48,18
Bank_366,950851,2025-02,IntlOthCons,401010202,04 - Unsecured-Installment,XX - Current & 1-29 DPD,01 - <=620,86.34,02 - EMEA,3089,363.69,4.73,1.66,1.18,5.21,311,34.2,22
Bank_367,668134,2025-02,IntlOthCons,401010203,04 - Unsecured-Installment,XX - Current & 1-29 DPD,01 - <=620,94.43,03 - LATAM,8926,88.52,1.75,1.57,0.86,2.46,424,12.54,32
Bank_368,966298,2025-02,IntlOthCons,401010204,04 - Unsecured-Installment,XX - Current & 1-29 DPD,01 - <=620,78.49,04 - APAC,1855,237.18,1.34,0.28,0.52,1.1,409,47.82,19
Bank_369,102537,2025-02,IntlOthCons,401020101,04 - Unsecured-Installment,XX - Current & 1-29 DPD,02 - >620,32.29,01 - Canada,2689,345.26,1.6,1.54,1.21,1.93,76,34.18,46
Bank_370,286575,2025-02,IntlOthCons,401020102,04 - Unsecured-Installment,XX - Current & 1-29 DPD,02 - >620,56.83,02 - EMEA,4880,338.05,3.68,0.96,0.51,4.13,268,17.06,24
Bank_371,279765,2025-02,IntlOthCons,401020103,04 - Unsecured-Installment,XX - Current & 1-29 DPD,02 - >620,117.45,03 - LATAM,9049,175.31,4.61,0.6,1.3,3.91,139,21.25,49
Bank_372,146065,2025-02,IntlOthCons,401020104,04 - Unsecured-Installment,XX - Current & 1-29 DPD,02 - >620,58.43,04 - APAC,3822,202.2,4.25,1.39,1.27,4.37,258,20.04,47
Bank_373,230025,2025-02,IntlOthCons,401020201,04 - Unsecured-Installment,XX - Current & 1-29 DPD,02 - >620,54.04,01 - Canada,2943,487.91,1.56,0.41,0.87,1.1,120,45.69,53
Bank_374,566650,2025-02,IntlOthCons,401020202,04 - Unsecured-Installment,XX - Current & 1-29 DPD,02 - >620,54.56,02 - EMEA,5868,376.31,3.51,0.63,0.29,3.85,219,15.0,24
Bank_375,311908,2025-02,IntlOthCons,401020203,04 - Unsecured-Installment,XX - Current & 1-29 DPD,02 - >620,108.05,03 - LATAM,7530,376.08,4.2,1.85,0.62,5.43,80,41.4,50
Bank_376,762800,2025-02,IntlOthCons,401020204,04 - Unsecured-Installment,XX - Current & 1-29 DPD,02 - >620,95.42,04 - APAC,8261,466.51,1.33,1.49,0.85,1.97,155,23.45,53
Bank_377,419907,2025-02,IntlOthCons,401030101,04 - Unsecured-Installment,XX - Current & 1-29 DPD,,60.28,01 - Canada,1301,320.9,2.38,0.13,0.56,1.95,333,33.63,16
Bank_378,332747,2025-02,IntlOthCons,401030102,04 - Unsecured-Installment,XX - Current & 1-29 DPD,,37.96,02 - EMEA,5908,390.42,2.24,1.73,0.48,3.49,270,15.79,30
Bank_379,956329,2025-02,IntlOthCons,401030103,04 - Unsecured-Installment,XX - Current & 1-29 DPD,,112.97,03 - LATAM,7636,143.37,4.6,0.17,1.19,3.58,73,30.58,33
Bank_380,239702,2025-02,IntlOthCons,401030104,04 - Unsecured-Installment,XX - Current & 1-29 DPD,,110.27,04 - APAC,8852,107.8,4.31,0.59,1.42,3.48,401,47.69,57
Bank_381,339741,2025-02,IntlOthCons,401030201,04 - Unsecured-Installment,XX - Current & 1-29 DPD,,118.71,01 - Canada,3856,76.56,3.39,0.86,1.25,3.0,373,16.17,24
Bank_382,244728,2025-02,IntlOthCons,401030202,04 - Unsecured-Installment,XX - Current & 1-29 DPD,,72.65,02 - EMEA,6999,414.16,4.32,0.69,1.2,3.81,369,24.2,37
Bank_383,174203,2025-02,IntlOthCons,401030203,04 - Unsecured-Installment,XX - Current & 1-29 DPD,,114.98,03 - LATAM,6285,64.64,2.14,1.05,1.08,2.11,454,20.36,45
Bank_384,707926,2025-02,IntlOthCons,401030204,04 - Unsecured-Installment,XX - Current & 1-29 DPD,,60.34,04 - APAC,7383,351.55,4.28,0.26,0.95,3.59,146,17.01,36
Bank_385,446391,2025-02,IntlOthCons,402010101,04 - Unsecured-Installment,02 - 30-59 DPD,01 - <=620,98.65,01 - Canada,1187,111.54,1.0,0.98,0.78,1.2,177,33.96,65
Bank_386,972743,2025-02,IntlOthCons,402010102,04 - Unsecured-Installment,02 - 30-59 DPD,01 - <=620,33.36,02 - EMEA,1761,435.02,4.06,1.53,0.5,5.09,362,10.18,23
Bank_387,926339,2025-02,IntlOthCons,402010103,04 - Unsecured-Installment,02 - 30-59 DPD,01 - <=620,112.99,03 - LATAM,8671,59.56,3.79,1.95,0.8,4.94,206,26.42,15
Bank_388,449594,2025-02,IntlOthCons,402010104,04 - Unsecured-Installment,02 - 30-59 DPD,01 - <=620,54.2,04 - APAC,7488,267.93,1.53,1.11,0.65,1.99,381,13.46,40
Bank_389,516106,2025-02,IntlOthCons,402010201,04 - Unsecured-Installment,02 - 30-59 DPD,01 - <=620,88.41,01 - Canada,4375,430.19,1.53,1.41,1.44,1.5,386,11.92,69
Bank_390,575448,2025-02,IntlOthCons,402010202,04 - Unsecured-Installment,02 - 30-59 DPD,01 - <=620,88.2,02 - EMEA,5080,269.43,3.22,0.83,0.47,3.58,98,13.43,43
Bank_391,385525,2025-02,IntlOthCons,402010203,04 - Unsecured-Installment,02 - 30-59 DPD,01 - <=620,112.48,03 - LATAM,1304,197.43,3.15,1.03,1.48,2.7,403,35.13,62
Bank_392,817242,2025-02,IntlOthCons,402010204,04 - Unsecured-Installment,02 - 30-59 DPD,01 - <=620,41.22,04 - APAC,3710,399.63,4.25,1.3,0.86,4.69,185,30.79,13
Bank_393,384620,2025-02,IntlOthCons,402020101,04 - Unsecured-Installment,02 - 30-59 DPD,02 - >620,110.99,01 - Canada,3318,458.39,2.08,0.57,0.68,1.97,329,35.12,37
Bank_394,190672,2025-02,IntlOthCons,402020102,04 - Unsecured-Installment,02 - 30-59 DPD,02 - >620,78.31,02 - EMEA,1391,469.62,4.88,0.36,1.37,3.87,379,25.12,44
Bank_395,368296,2025-02,IntlOthCons,402020103,04 - Unsecured-Installment,02 - 30-59 DPD,02 - >620,68.54,03 - LATAM,3566,321.26,3.7,0.84,1.17,3.37,202,18.29,17
Bank_396,505850,2025-02,IntlOthCons,402020104,04 - Unsecured-Installment,02 - 30-59 DPD,02 - >620,76.99,04 - APAC,3852,283.4,3.63,1.12,1.16,3.59,215,31.88,21
Bank_397,163676,2025-02,IntlOthCons,402020201,04 - Unsecured-Installment,02 - 30-59 DPD,02 - >620,88.17,01 - Canada,9166,353.19,4.29,0.82,0.69,4.42,499,19.44,42
Bank_398,706819,2025-02,IntlOthCons,402020202,04 - Unsecured-Installment,02 - 30-59 DPD,02 - >620,50.27,02 - EMEA,8147,367.61,3.69,0.34,0.7,3.33,482,15.78,13
Bank_399,390907,2025-02,IntlOthCons,402020203,04 - Unsecured-Installment,02 - 30-59 DPD,02 - >620,106.93,03 - LATAM,5187,471.93,4.27,1.66,1.14,4.79,387,23.44,59
Bank_400,785621,2025-02,IntlOthCons,402020204,04 - Unsecured-Installment,02 - 30-59 DPD,02 - >620,52.55,04 - APAC,3546,461.0,3.01,1.72,0.79,3.94,263,44.94,50
Bank_401,583314,2025-02,IntlOthCons,402030101,04 - Unsecured-Installment,02 - 30-59 DPD,,50.88,01 - Canada,9957,491.72,1.2,1.37,1.1,1.47,58,5.36,53
Bank_402,800708,2025-02,IntlOthCons,402030102,04 - Unsecured-Installment,02 - 30-59 DPD,,107.04,02 - EMEA,5547,323.21,3.14,1.56,0.84,3.86,300,30.59,28
Bank_403,448929,2025-02,IntlOthCons,402030103,04 - Unsecured-Installment,02 - 30-59 DPD,,34.34,03 - LATAM,8993,149.23,3.02,1.5,0.7,3.82,104,17.3,51
Bank_404,321812,2025-02,IntlOthCons,402030104,04 - Unsecured-Installment,02 - 30-59 DPD,,90.77,04 - APAC,3009,57.82,1.29,1.08,0.78,1.59,95,47.32,30
Bank_405,228156,2025-02,IntlOthCons,402030201,04 - Unsecured-Installment,02 - 30-59 DPD,,97.86,01 - Canada,2067,285.59,0.78,1.62,1.35,1.05,250,48.62,33
Bank_406,155708,2025-02,IntlOthCons,402030202,04 - Unsecured-Installment,02 - 30-59 DPD,,52.05,02 - EMEA,8090,354.08,0.56,1.77,1.05,1.28,209,34.7,50
Bank_407,792098,2025-02,IntlOthCons,402030203,04 - Unsecured-Installment,02 - 30-59 DPD,,64.42,03 - LATAM,4474,373.61,2.84,1.08,0.33,3.59,75,16.95,67
Bank_408,243702,2025-02,IntlOthCons,402030204,04 - Unsecured-Installment,02 - 30-59 DPD,,43.91,04 - APAC,2451,166.78,1.8,1.29,0.24,2.85,323,38.08,49
Bank_409,376476,2025-02,IntlOthCons,403010101,04 - Unsecured-Installment,03 - 60-89 DPD,01 - <=620,78.95,01 - Canada,6520,319.14,2.89,1.17,1.44,2.62,154,7.88,65
Bank_410,192372,2025-02,IntlOthCons,403010102,04 - Unsecured-Installment,03 - 60-89 DPD,01 - <=620,38.98,02 - EMEA,1374,261.93,3.93,1.18,0.97,4.14,54,22.2,31
Bank_411,512221,2025-02,IntlOthCons,403010103,04 - Unsecured-Installment,03 - 60-89 DPD,01 - <=620,95.21,03 - LATAM,3937,262.17,2.04,1.06,0.26,2.84,324,49.58,27
Bank_412,999688,2025-02,IntlOthCons,403010104,04 - Unsecured-Installment,03 - 60-89 DPD,01 - <=620,56.16,04 - APAC,9402,431.4,1.85,1.1,1.23,1.72,53,41.53,52
Bank_413,738833,2025-02,IntlOthCons,403010201,04 - Unsecured-Installment,03 - 60-89 DPD,01 - <=620,93.25,01 - Canada,5157,142.66,4.6,1.19,0.24,5.55,59,42.87,56
Bank_414,702850,2025-02,IntlOthCons,403010202,04 - Unsecured-Installment,03 - 60-89 DPD,01 - <=620,69.34,02 - EMEA,6255,120.87,2.58,1.76,0.17,4.17,155,28.24,64
Bank_415,772831,2025-02,IntlOthCons,403010203,04 - Unsecured-Installment,03 - 60-89 DPD,01 - <=620,99.03,03 - LATAM,1420,449.63,1.01,1.3,0.18,2.13,160,38.33,65
Bank_416,672069,2025-02,IntlOthCons,403010204,04 - Unsecured-Installment,03 - 60-89 DPD,01 - <=620,57.36,04 - APAC,5882,97.95,4.24,0.21,1.12,3.33,285,24.39,12
Bank_417,122462,2025-02,IntlOthCons,403020101,04 - Unsecured-Installment,03 - 60-89 DPD,02 - >620,71.75,01 - Canada,7325,332.63,2.37,1.15,1.26,2.26,137,46.68,20
Bank_418,946497,2025-02,IntlOthCons,403020102,04 - Unsecured-Installment,03 - 60-89 DPD,02 - >620,49.41,02 - EMEA,2475,266.07,1.4,1.33,0.28,2.45,360,12.17,66
Bank_419,522602,2025-02,IntlOthCons,403020103,04 - Unsecured-Installment,03 - 60-89 DPD,02 - >620,102.52,03 - LATAM,4164,276.9,1.76,0.64,0.26,2.14,327,21.68,22
Bank_420,459764,2025-02,IntlOthCons,403020104,04 - Unsecured-Installment,03 - 60-89 DPD,02 - >620,77.24,04 - APAC,6621,55.81,2.26,0.53,1.41,1.38,82,19.04,70
Bank_421,574751,2025-02,IntlOthCons,403020201,04 - Unsecured-Installment,03 - 60-89 DPD,02 - >620,82.69,01 - Canada,5970,87.46,2.77,0.39,1.36,1.8,306,26.54,33
Bank_422,596774,2025-02,IntlOthCons,403020202,04 - Unsecured-Installment,03 - 60-89 DPD,02 - >620,99.72,02 - EMEA,9632,93.34,2.14,0.17,0.77,1.54,87,11.83,22
Bank_423,867650,2025-02,IntlOthCons,403020203,04 - Unsecured-Installment,03 - 60-89 DPD,02 - >620,59.99,03 - LATAM,9346,124.04,2.59,1.89,1.04,3.44,62,18.49,59
Bank_424,195664,2025-02,IntlOthCons,403020204,04 - Unsecured-Installment,03 - 60-89 DPD,02 - >620,118.14,04 - APAC,4394,270.84,2.63,1.04,0.87,2.8,497,45.05,20
Bank_425,803276,2025-02,IntlOthCons,403030101,04 - Unsecured-Installment,03 - 60-89 DPD,,84.84,01 - Canada,8930,164.52,0.98,0.95,1.46,0.47,70,37.14,16
Bank_426,946358,2025-02,IntlOthCons,403030102,04 - Unsecured-Installment,03 - 60-89 DPD,,113.97,02 - EMEA,4071,136.99,3.77,1.34,1.02,4.09,250,21.01,35
Bank_427,503867,2025-02,IntlOthCons,403030103,04 - Unsecured-Installment,03 - 60-89 DPD,,58.44,03 - LATAM,1682,318.88,4.15,0.82,1.2,3.77,259,11.85,18
Bank_428,386454,2025-02,IntlOthCons,403030104,04 - Unsecured-Installment,03 - 60-89 DPD,,92.58,04 - APAC,2764,399.81,3.17,1.33,1.17,3.33,180,29.62,20
Bank_429,361442,2025-02,IntlOthCons,403030201,04 - Unsecured-Installment,03 - 60-89 DPD,,42.01,01 - Canada,1518,73.44,2.51,0.63,1.45,1.69,495,18.41,12
Bank_430,773599,2025-02,IntlOthCons,403030202,04 - Unsecured-Installment,03 - 60-89 DPD,,53.54,02 - EMEA,6773,429.0,4.71,0.73,0.45,4.99,138,34.2,16
Bank_431,947536,2025-02,IntlOthCons,403030203,04 - Unsecured-Installment,03 - 60-89 DPD,,73.96,03 - LATAM,4487,420.8,3.67,0.45,0.2,3.92,354,5.2,70
Bank_432,129117,2025-02,IntlOthCons,403030204,04 - Unsecured-Installment,03 - 60-89 DPD,,90.76,04 - APAC,2406,368.9,3.72,1.99,0.58,5.13,451,27.66,13
Bank_433,981279,2025-02,IntlOthCons,404010101,04 - Unsecured-Installment,04 - 90-119 DPD,01 - <=620,119.67,01 - Canada,6485,258.81,2.98,1.01,0.74,3.25,232,21.51,20
Bank_434,740580,2025-02,IntlOthCons,404010102,04 - Unsecured-Installment,04 - 90-119 DPD,01 - <=620,37.61,02 - EMEA,8666,484.64,1.03,1.52,1.13,1.42,130,13.61,13
Bank_435,228570,2025-02,IntlOthCons,404010103,04 - Unsecured-Installment,04 - 90-119 DPD,01 - <=620,48.65,03 - LATAM,4345,376.96,2.85,1.64,1.02,3.47,193,26.31,48
Bank_436,691651,2025-02,IntlOthCons,404010104,04 - Unsecured-Installment,04 - 90-119 DPD,01 - <=620,117.59,04 - APAC,2043,287.85,3.76,0.13,0.49,3.4,255,10.73,15
Bank_437,276143,2025-02,IntlOthCons,404010201,04 - Unsecured-Installment,04 - 90-119 DPD,01 - <=620,78.04,01 - Canada,2687,275.16,3.56,1.57,1.26,3.87,231,22.33,16
Bank_438,454026,2025-02,IntlOthCons,404010202,04 - Unsecured-Installment,04 - 90-119 DPD,01 - <=620,44.6,02 - EMEA,7286,55.17,1.79,1.06,0.71,2.14,108,47.12,24
Bank_439,984701,2025-02,IntlOthCons,404010203,04 - Unsecured-Installment,04 - 90-119 DPD,01 - <=620,116.94,03 - LATAM,1302,187.32,0.85,0.92,1.36,0.41,422,33.56,61
Bank_440,836292,2025-02,IntlOthCons,404010204,04 - Unsecured-Installment,04 - 90-119 DPD,01 - <=620,116.23,04 - APAC,1810,435.98,1.21,0.22,0.35,1.08,183,49.92,54
Bank_441,115705,2025-02,IntlOthCons,404020101,04 - Unsecured-Installment,04 - 90-119 DPD,02 - >620,72.98,01 - Canada,8899,267.82,2.58,0.99,1.42,2.15,50,41.63,12
Bank_442,410077,2025-02,IntlOthCons,404020102,04 - Unsecured-Installment,04 - 90-119 DPD,02 - >620,82.31,02 - EMEA,7435,197.48,2.29,1.99,0.2,4.08,435,32.82,31
Bank_443,116334,2025-02,IntlOthCons,404020103,04 - Unsecured-Installment,04 - 90-119 DPD,02 - >620,107.59,03 - LATAM,1688,240.42,3.06,0.54,1.02,2.58,490,41.66,55
Bank_444,308322,2025-02,IntlOthCons,404020104,04 - Unsecured-Installment,04 - 90-119 DPD,02 - >620,100.89,04 - APAC,1446,369.68,4.83,1.41,0.8,5.44,222,9.55,47
Bank_445,897745,2025-02,IntlOthCons,404020201,04 - Unsecured-Installment,04 - 90-119 DPD,02 - >620,64.75,01 - Canada,2031,114.73,0.91,1.15,1.09,0.97,377,44.08,30
Bank_446,437139,2025-02,IntlOthCons,404020202,04 - Unsecured-Installment,04 - 90-119 DPD,02 - >620,76.06,02 - EMEA,4774,409.33,3.4,0.29,0.52,3.17,399,17.02,71
Bank_447,864638,2025-02,IntlOthCons,404020203,04 - Unsecured-Installment,04 - 90-119 DPD,02 - >620,92.48,03 - LATAM,8387,417.35,4.12,1.37,1.18,4.31,479,20.63,14
Bank_448,210330,2025-02,IntlOthCons,404020204,04 - Unsecured-Installment,04 - 90-119 DPD,02 - >620,82.33,04 - APAC,5051,334.1,0.69,0.98,0.85,0.82,368,42.51,59
Bank_449,313567,2025-02,IntlOthCons,404030101,04 - Unsecured-Installment,04 - 90-119 DPD,,43.25,01 - Canada,5099,208.83,4.5,0.93,0.71,4.72,424,13.7,68
Bank_450,894428,2025-02,IntlOthCons,404030102,04 - Unsecured-Installment,04 - 90-119 DPD,,86.33,02 - EMEA,8511,169.89,2.01,0.75,0.7,2.06,216,33.25,71
Bank_451,974382,2025-02,IntlOthCons,404030103,04 - Unsecured-Installment,04 - 90-119 DPD,,78.59,03 - LATAM,8245,262.91,3.64,0.89,1.03,3.5,231,46.62,36
Bank_452,659697,2025-02,IntlOthCons,404030104,04 - Unsecured-Installment,04 - 90-119 DPD,,56.43,04 - APAC,9712,318.66,4.06,0.23,0.86,3.43,185,43.17,48
Bank_453,457890,2025-02,IntlOthCons,404030201,04 - Unsecured-Installment,04 - 90-119 DPD,,118.75,01 - Canada,9171,324.48,2.47,1.15,1.46,2.16,161,6.02,13
Bank_454,102757,2025-02,IntlOthCons,404030202,04 - Unsecured-Installment,04 - 90-119 DPD,,43.97,02 - EMEA,3345,148.08,1.48,1.16,0.11,2.53,51,44.58,23
Bank_455,240716,2025-02,IntlOthCons,404030203,04 - Unsecured-Installment,04 - 90-119 DPD,,49.79,03 - LATAM,4537,175.13,4.01,0.48,1.24,3.25,495,31.55,68
Bank_456,402134,2025-02,IntlOthCons,404030204,04 - Unsecured-Installment,04 - 90-119 DPD,,92.52,04 - APAC,1999,116.38,3.43,0.56,1.44,2.55,93,22.88,69
Bank_457,802315,2025-02,IntlOthCons,405010101,04 - Unsecured-Installment,05 - 120+ DPD,01 - <=620,116.1,01 - Canada,6671,490.97,1.82,0.5,0.61,1.71,467,15.11,58
Bank_458,999059,2025-02,IntlOthCons,405010102,04 - Unsecured-Installment,05 - 120+ DPD,01 - <=620,90.21,02 - EMEA,7927,153.27,2.51,0.38,1.49,1.4,244,47.39,23
Bank_459,406066,2025-02,IntlOthCons,405010103,04 - Unsecured-Installment,05 - 120+ DPD,01 - <=620,84.23,03 - LATAM,8705,180.36,4.54,0.52,0.93,4.13,290,47.79,60
Bank_460,447780,2025-02,IntlOthCons,405010104,04 - Unsecured-Installment,05 - 120+ DPD,01 - <=620,60.29,04 - APAC,8645,233.98,3.45,0.45,0.25,3.65,268,11.2,50
Bank_461,503447,2025-02,IntlOthCons,405010201,04 - Unsecured-Installment,05 - 120+ DPD,01 - <=620,99.61,01 - Canada,7198,450.99,1.79,0.23,0.63,1.39,456,7.72,59
Bank_462,297637,2025-02,IntlOthCons,405010202,04 - Unsecured-Installment,05 - 120+ DPD,01 - <=620,118.39,02 - EMEA,2909,67.89,3.12,0.47,0.69,2.9,163,24.43,34
Bank_463,337804,2025-02,IntlOthCons,405010203,04 - Unsecured-Installment,05 - 120+ DPD,01 - <=620,88.09,03 - LATAM,7453,213.05,2.46,1.02,0.18,3.3,363,49.58,16
Bank_464,614272,2025-02,IntlOthCons,405010204,04 - Unsecured-Installment,05 - 120+ DPD,01 - <=620,33.2,04 - APAC,6192,294.0,2.65,0.21,0.55,2.31,302,48.34,53
Bank_465,510513,2025-02,IntlOthCons,405020101,04 - Unsecured-Installment,05 - 120+ DPD,02 - >620,114.69,01 - Canada,3830,266.21,0.58,1.42,0.9,1.1,321,38.36,37
Bank_466,503056,2025-02,IntlOthCons,405020102,04 - Unsecured-Installment,05 - 120+ DPD,02 - >620,82.12,02 - EMEA,1114,203.95,0.95,0.81,0.22,1.54,408,47.67,70
Bank_467,244902,2025-02,IntlOthCons,405020103,04 - Unsecured-Installment,05 - 120+ DPD,02 - >620,88.54,03 - LATAM,2277,433.18,2.68,0.28,0.18,2.78,332,28.69,14
Bank_468,534077,2025-02,IntlOthCons,405020104,04 - Unsecured-Installment,05 - 120+ DPD,02 - >620,99.54,04 - APAC,3532,146.2,4.63,1.65,0.94,5.34,338,5.59,62
Bank_469,394685,2025-02,IntlOthCons,405020201,04 - Unsecured-Installment,05 - 120+ DPD,02 - >620,66.6,01 - Canada,8356,119.28,4.3,0.93,1.44,3.79,356,44.45,25
Bank_470,582490,2025-02,IntlOthCons,405020202,04 - Unsecured-Installment,05 - 120+ DPD,02 - >620,90.12,02 - EMEA,2801,282.24,0.6,1.07,1.37,0.3,55,40.83,33
Bank_471,279220,2025-02,IntlOthCons,405020203,04 - Unsecured-Installment,05 - 120+ DPD,02 - >620,107.43,03 - LATAM,4690,325.38,1.05,1.63,0.58,2.1,119,18.07,46
Bank_472,590189,2025-02,IntlOthCons,405020204,04 - Unsecured-Installment,05 - 120+ DPD,02 - >620,113.12,04 - APAC,2177,158.39,4.96,1.69,0.22,6.43,140,20.9,21
Bank_473,242027,2025-02,IntlOthCons,405030101,04 - Unsecured-Installment,05 - 120+ DPD,,39.41,01 - Canada,7369,120.72,4.55,0.54,0.74,4.35,199,32.91,18
Bank_474,414636,2025-02,IntlOthCons,405030102,04 - Unsecured-Installment,05 - 120+ DPD,,37.85,02 - EMEA,5468,310.34,3.96,0.93,1.14,3.75,58,28.71,30
Bank_475,541392,2025-02,IntlOthCons,405030103,04 - Unsecured-Installment,05 - 120+ DPD,,97.89,03 - LATAM,4691,422.14,1.86,1.94,0.69,3.11,468,28.27,58
Bank_476,939709,2025-02,IntlOthCons,405030104,04 - Unsecured-Installment,05 - 120+ DPD,,72.59,04 - APAC,6621,82.28,2.95,0.44,1.38,2.01,216,16.76,19
Bank_477,215936,2025-02,IntlOthCons,405030201,04 - Unsecured-Installment,05 - 120+ DPD,,59.51,01 - Canada,4518,366.37,2.96,0.16,1.23,1.89,282,26.4,68
Bank_478,100549,2025-02,IntlOthCons,405030202,04 - Unsecured-Installment,05 - 120+ DPD,,48.26,02 - EMEA,6533,103.9,0.52,0.11,0.11,0.52,277,23.28,23
Bank_479,794501,2025-02,IntlOthCons,405030203,04 - Unsecured-Installment,05 - 120+ DPD,,47.09,03 - LATAM,9418,368.31,2.97,1.81,1.07,3.71,198,24.73,56
Bank_480,247516,2025-02,IntlOthCons,405030204,04 - Unsecured-Installment,05 - 120+ DPD,,40.85,04 - APAC,6946,468.2,3.14,1.85,0.29,4.7,270,40.62,54
Bank_481,811069,2025-02,IntlOthCons,501010101,05 - Overdraft,XX - Current & 1-29 DPD,01 - <=620,32.58,01 - Canada,4896,407.26,2.05,0.29,0.91,1.43,497,40.51,41
Bank_482,948380,2025-02,IntlOthCons,501010102,05 - Overdraft,XX - Current & 1-29 DPD,01 - <=620,76.03,02 - EMEA,2144,404.93,2.27,1.28,0.38,3.17,261,10.24,68
Bank_483,298836,2025-02,IntlOthCons,501010103,05 - Overdraft,XX - Current & 1-29 DPD,01 - <=620,40.38,03 - LATAM,2819,83.51,3.54,0.71,0.3,3.95,212,14.74,33
Bank_484,379032,2025-02,IntlOthCons,501010104,05 - Overdraft,XX - Current & 1-29 DPD,01 - <=620,102.58,04 - APAC,1572,201.72,3.15,1.2,0.35,4.0,345,36.04,32
Bank_485,142589,2025-02,IntlOthCons,501010201,05 - Overdraft,XX - Current & 1-29 DPD,01 - <=620,53.17,01 - Canada,3935,268.64,3.28,1.65,0.58,4.35,433,26.94,30
Bank_486,480496,2025-02,IntlOthCons,501010202,05 - Overdraft,XX - Current & 1-29 DPD,01 - <=620,75.44,02 - EMEA,6818,331.81,4.49,1.63,0.81,5.31,94,48.6,26
Bank_487,796719,2025-02,IntlOthCons,501010203,05 - Overdraft,XX - Current & 1-29 DPD,01 - <=620,114.43,03 - LATAM,5492,108.28,1.43,1.66,1.38,1.71,388,34.79,62
Bank_488,229861,2025-02,IntlOthCons,501010204,05 - Overdraft,XX - Current & 1-29 DPD,01 - <=620,53.01,04 - APAC,9934,202.13,4.84,0.48,0.65,4.67,248,47.38,19
Bank_489,215168,2025-02,IntlOthCons,501020101,05 - Overdraft,XX - Current & 1-29 DPD,02 - >620,82.13,01 - Canada,7188,131.12,4.54,0.62,1.33,3.83,137,16.73,25
Bank_490,211420,2025-02,IntlOthCons,501020102,05 - Overdraft,XX - Current & 1-29 DPD,02 - >620,43.93,02 - EMEA,4110,445.69,1.51,0.45,0.79,1.17,293,40.26,33
Bank_491,619072,2025-02,IntlOthCons,501020103,05 - Overdraft,XX - Current & 1-29 DPD,02 - >620,112.64,03 - LATAM,9841,229.67,1.69,0.49,0.15,2.03,233,22.92,15
Bank_492,802018,2025-02,IntlOthCons,501020104,05 - Overdraft,XX - Current & 1-29 DPD,02 - >620,88.03,04 - APAC,6341,148.61,3.22,1.97,0.92,4.27,149,26.91,16
Bank_493,513362,2025-02,IntlOthCons,501020201,05 - Overdraft,XX - Current & 1-29 DPD,02 - >620,56.04,01 - Canada,2693,270.31,3.13,0.83,0.19,3.77,298,49.51,50
Bank_494,450798,2025-02,IntlOthCons,501020202,05 - Overdraft,XX - Current & 1-29 DPD,02 - >620,63.42,02 - EMEA,1650,139.8,2.24,1.14,0.31,3.07,380,27.48,42
Bank_495,812711,2025-02,IntlOthCons,501020203,05 - Overdraft,XX - Current & 1-29 DPD,02 - >620,61.06,03 - LATAM,8573,247.66,4.83,0.19,1.3,3.72,92,44.07,66
Bank_496,420045,2025-02,IntlOthCons,501020204,05 - Overdraft,XX - Current & 1-29 DPD,02 - >620,99.43,04 - APAC,6674,361.39,3.31,1.91,1.35,3.87,413,34.74,33
Bank_497,959387,2025-02,IntlOthCons,501030101,05 - Overdraft,XX - Current & 1-29 DPD,,30.03,01 - Canada,8919,78.31,1.45,0.91,1.42,0.94,106,16.99,25
Bank_498,865504,2025-02,IntlOthCons,501030102,05 - Overdraft,XX - Current & 1-29 DPD,,112.37,02 - EMEA,5115,288.66,1.12,1.96,0.45,2.63,113,25.2,47
Bank_499,183802,2025-02,IntlOthCons,501030103,05 - Overdraft,XX - Current & 1-29 DPD,,46.05,03 - LATAM,7938,270.22,0.61,1.58,1.17,1.02,288,46.46,37
Bank_500,501484,2025-02,IntlOthCons,501030104,05 - Overdraft,XX - Current & 1-29 DPD,,82.4,04 - APAC,1969,99.88,2.87,0.44,1.46,1.85,313,21.6,38
Bank_501,109829,2025-02,IntlOthCons,501030201,05 - Overdraft,XX - Current & 1-29 DPD,,37.55,01 - Canada,4418,244.67,4.77,1.75,0.64,5.88,395,17.91,46
Bank_502,633878,2025-02,IntlOthCons,501030202,05 - Overdraft,XX - Current & 1-29 DPD,,116.98,02 - EMEA,2661,470.9,2.61,0.27,0.88,2.0,123,28.01,12
Bank_503,715307,2025-02,IntlOthCons,501030203,05 - Overdraft,XX - Current & 1-29 DPD,,37.33,03 - LATAM,2490,337.57,4.31,0.56,0.72,4.15,225,7.09,51
Bank_504,984745,2025-02,IntlOthCons,501030204,05 - Overdraft,XX - Current & 1-29 DPD,,48.75,04 - APAC,9767,104.42,2.54,1.57,1.15,2.96,462,40.03,48
Bank_505,773746,2025-02,IntlOthCons,502010101,05 - Overdraft,02 - 30-59 DPD,01 - <=620,49.18,01 - Canada,5774,273.34,2.85,0.12,1.12,1.85,439,43.21,12
Bank_506,170043,2025-02,IntlOthCons,502010102,05 - Overdraft,02 - 30-59 DPD,01 - <=620,50.72,02 - EMEA,3551,381.72,4.05,0.3,1.48,2.87,368,13.61,14
Bank_507,418748,2025-02,IntlOthCons,502010103,05 - Overdraft,02 - 30-59 DPD,01 - <=620,104.49,03 - LATAM,1849,268.6,0.92,1.19,0.77,1.34,141,35.46,27
Bank_508,948640,2025-02,IntlOthCons,502010104,05 - Overdraft,02 - 30-59 DPD,01 - <=620,81.67,04 - APAC,5101,274.92,3.42,1.11,1.06,3.47,409,26.29,23
Bank_509,392414,2025-02,IntlOthCons,502010201,05 - Overdraft,02 - 30-59 DPD,01 - <=620,50.75,01 - Canada,1898,56.69,3.65,1.18,0.75,4.08,429,9.44,18
Bank_510,146445,2025-02,IntlOthCons,502010202,05 - Overdraft,02 - 30-59 DPD,01 - <=620,95.88,02 - EMEA,1522,422.18,3.04,0.48,0.77,2.75,389,33.78,55
Bank_511,298698,2025-02,IntlOthCons,502010203,05 - Overdraft,02 - 30-59 DPD,01 - <=620,60.61,03 - LATAM,2072,55.49,2.7,0.82,1.26,2.26,490,21.16,63
Bank_512,633539,2025-02,IntlOthCons,502010204,05 - Overdraft,02 - 30-59 DPD,01 - <=620,60.86,04 - APAC,9200,274.89,0.62,0.6,1.16,0.06,338,5.94,59
Bank_513,802443,2025-02,IntlOthCons,502020101,05 - Overdraft,02 - 30-59 DPD,02 - >620,79.36,01 - Canada,3655,393.58,3.0,1.14,0.58,3.56,456,38.88,51
Bank_514,499009,2025-02,IntlOthCons,502020102,05 - Overdraft,02 - 30-59 DPD,02 - >620,47.16,02 - EMEA,4069,103.77,2.77,1.74,0.74,3.77,160,19.85,70
Bank_515,355584,2025-02,IntlOthCons,502020103,05 - Overdraft,02 - 30-59 DPD,02 - >620,37.51,03 - LATAM,1680,278.89,1.22,1.88,0.62,2.48,271,15.84,42
Bank_516,950707,2025-02,IntlOthCons,502020104,05 - Overdraft,02 - 30-59 DPD,02 - >620,42.8,04 - APAC,5099,432.78,1.12,0.7,0.14,1.68,454,43.66,21
Bank_517,999831,2025-02,IntlOthCons,502020201,05 - Overdraft,02 - 30-59 DPD,02 - >620,63.16,01 - Canada,5966,298.3,0.73,0.21,1.28,-0.34,406,11.97,15
Bank_518,589467,2025-02,IntlOthCons,502020202,05 - Overdraft,02 - 30-59 DPD,02 - >620,51.99,02 - EMEA,7123,493.44,1.39,0.29,0.4,1.28,392,20.05,22
Bank_519,898089,2025-02,IntlOthCons,502020203,05 - Overdraft,02 - 30-59 DPD,02 - >620,104.97,03 - LATAM,9565,284.37,2.6,0.89,0.58,2.91,430,34.45,69
Bank_520,425312,2025-02,IntlOthCons,502020204,05 - Overdraft,02 - 30-59 DPD,02 - >620,97.17,04 - APAC,8104,86.08,3.86,1.41,1.47,3.8,285,35.1,38
Bank_521,489384,2025-02,IntlOthCons,502030101,05 - Overdraft,02 - 30-59 DPD,,74.11,01 - Canada,9756,136.22,3.88,0.99,0.45,4.42,473,5.84,21
Bank_522,925573,2025-02,IntlOthCons,502030102,05 - Overdraft,02 - 30-59 DPD,,45.33,02 - EMEA,5391,78.34,4.95,0.49,1.17,4.27,171,37.92,53
Bank_523,384080,2025-02,IntlOthCons,502030103,05 - Overdraft,02 - 30-59 DPD,,76.58,03 - LATAM,7336,468.63,3.25,1.62,0.89,3.98,219,42.9,45
Bank_524,298356,2025-02,IntlOthCons,502030104,05 - Overdraft,02 - 30-59 DPD,,73.83,04 - APAC,1943,188.52,1.27,1.51,1.27,1.51,252,46.08,45
Bank_525,211454,2025-02,IntlOthCons,502030201,05 - Overdraft,02 - 30-59 DPD,,92.79,01 - Canada,1306,150.4,1.64,1.82,0.63,2.83,80,44.12,23
Bank_526,904700,2025-02,IntlOthCons,502030202,05 - Overdraft,02 - 30-59 DPD,,113.09,02 - EMEA,6999,329.58,3.36,1.62,0.94,4.04,251,14.49,46
Bank_527,424107,2025-02,IntlOthCons,502030203,05 - Overdraft,02 - 30-59 DPD,,48.55,03 - LATAM,4847,314.13,1.77,1.97,1.24,2.5,464,8.06,57
Bank_528,166007,2025-02,IntlOthCons,502030204,05 - Overdraft,02 - 30-59 DPD,,77.45,04 - APAC,7780,387.58,2.77,1.71,0.34,4.14,453,8.36,14
Bank_529,645648,2025-02,IntlOthCons,503010101,05 - Overdraft,03 - 60-89 DPD,01 - <=620,99.88,01 - Canada,1382,186.85,2.65,0.4,0.95,2.1,56,25.75,32
Bank_530,267567,2025-02,IntlOthCons,503010102,05 - Overdraft,03 - 60-89 DPD,01 - <=620,119.3,02 - EMEA,1133,57.15,1.56,1.49,0.84,2.21,272,43.5,54
Bank_531,527976,2025-02,IntlOthCons,503010103,05 - Overdraft,03 - 60-89 DPD,01 - <=620,72.08,03 - LATAM,1313,349.05,3.82,1.51,1.27,4.06,221,6.07,57
Bank_532,683725,2025-02,IntlOthCons,503010104,05 - Overdraft,03 - 60-89 DPD,01 - <=620,39.32,04 - APAC,6855,462.87,4.26,1.64,1.35,4.55,118,37.51,40
Bank_533,283375,2025-02,IntlOthCons,503010201,05 - Overdraft,03 - 60-89 DPD,01 - <=620,110.15,01 - Canada,2569,485.64,4.75,1.42,0.54,5.63,170,36.32,23
Bank_534,278728,2025-02,IntlOthCons,503010202,05 - Overdraft,03 - 60-89 DPD,01 - <=620,102.94,02 - EMEA,1113,340.98,2.24,1.05,1.45,1.84,129,43.74,17
Bank_535,544066,2025-02,IntlOthCons,503010203,05 - Overdraft,03 - 60-89 DPD,01 - <=620,115.27,03 - LATAM,1651,216.05,3.37,1.0,1.02,3.35,63,7.15,16
Bank_536,217715,2025-02,IntlOthCons,503010204,05 - Overdraft,03 - 60-89 DPD,01 - <=620,111.66,04 - APAC,8599,460.0,2.01,1.88,0.33,3.56,81,27.15,52
Bank_537,470242,2025-02,IntlOthCons,503020101,05 - Overdraft,03 - 60-89 DPD,02 - >620,93.85,01 - Canada,7081,107.64,2.16,0.92,0.81,2.27,469,39.17,27
Bank_538,348067,2025-02,IntlOthCons,503020102,05 - Overdraft,03 - 60-89 DPD,02 - >620,84.06,02 - EMEA,4933,241.9,0.87,1.01,0.44,1.44,382,34.31,18
Bank_539,509947,2025-02,IntlOthCons,503020103,05 - Overdraft,03 - 60-89 DPD,02 - >620,90.34,03 - LATAM,4236,194.02,2.54,1.22,0.85,2.91,252,17.22,72
Bank_540,679301,2025-02,IntlOthCons,503020104,05 - Overdraft,03 - 60-89 DPD,02 - >620,34.69,04 - APAC,2571,470.72,3.48,1.49,1.03,3.94,350,38.0,60
Bank_541,142465,2025-02,IntlOthCons,503020201,05 - Overdraft,03 - 60-89 DPD,02 - >620,37.21,01 - Canada,5574,430.42,1.15,0.13,0.4,0.88,189,41.91,28
Bank_542,897026,2025-02,IntlOthCons,503020202,05 - Overdraft,03 - 60-89 DPD,02 - >620,112.64,02 - EMEA,3812,185.03,1.81,1.93,0.81,2.93,104,33.12,55
Bank_543,803035,2025-02,IntlOthCons,503020203,05 - Overdraft,03 - 60-89 DPD,02 - >620,113.33,03 - LATAM,8051,153.46,3.28,1.14,0.2,4.22,102,8.06,37
Bank_544,524156,2025-02,IntlOthCons,503020204,05 - Overdraft,03 - 60-89 DPD,02 - >620,100.82,04 - APAC,4936,201.24,0.54,0.86,0.43,0.97,500,12.03,56
Bank_545,489222,2025-02,IntlOthCons,503030101,05 - Overdraft,03 - 60-89 DPD,,34.21,01 - Canada,8415,52.39,1.29,0.18,1.39,0.08,460,39.34,55
Bank_546,258313,2025-02,IntlOthCons,503030102,05 - Overdraft,03 - 60-89 DPD,,64.88,02 - EMEA,2837,124.38,0.78,0.29,0.33,0.74,449,17.21,62
Bank_547,762684,2025-02,IntlOthCons,503030103,05 - Overdraft,03 - 60-89 DPD,,58.23,03 - LATAM,9975,450.57,3.13,0.56,0.75,2.94,287,33.79,58
Bank_548,130838,2025-02,IntlOthCons,503030104,05 - Overdraft,03 - 60-89 DPD,,89.97,04 - APAC,5737,76.65,2.98,1.81,0.73,4.06,308,5.6,52
Bank_549,765912,2025-02,IntlOthCons,503030201,05 - Overdraft,03 - 60-89 DPD,,82.9,01 - Canada,4453,334.88,4.27,1.22,0.26,5.23,399,18.17,19
Bank_550,828184,2025-02,IntlOthCons,503030202,05 - Overdraft,03 - 60-89 DPD,,71.25,02 - EMEA,1253,426.25,4.92,0.43,0.82,4.53,151,38.04,27
Bank_551,642539,2025-02,IntlOthCons,503030203,05 - Overdraft,03 - 60-89 DPD,,61.11,03 - LATAM,6749,179.26,3.16,1.0,1.4,2.76,210,26.4,51
Bank_552,992878,2025-02,IntlOthCons,503030204,05 - Overdraft,03 - 60-89 DPD,,59.31,04 - APAC,5605,105.17,0.69,0.41,1.47,-0.37,169,26.14,69
Bank_553,349781,2025-02,IntlOthCons,504010101,05 - Overdraft,04 - 90-119 DPD,01 - <=620,73.13,01 - Canada,1914,492.83,4.07,0.73,0.51,4.29,461,11.05,27
Bank_554,954616,2025-02,IntlOthCons,504010102,05 - Overdraft,04 - 90-119 DPD,01 - <=620,85.74,02 - EMEA,7458,177.16,4.4,0.11,1.23,3.28,486,32.12,21
Bank_555,286612,2025-02,IntlOthCons,504010103,05 - Overdraft,04 - 90-119 DPD,01 - <=620,93.99,03 - LATAM,6795,106.01,3.44,1.86,1.39,3.91,475,34.02,71
Bank_556,823124,2025-02,IntlOthCons,504010104,05 - Overdraft,04 - 90-119 DPD,01 - <=620,91.36,04 - APAC,6364,332.5,3.37,1.63,1.28,3.72,322,22.79,53
Bank_557,579934,2025-02,IntlOthCons,504010201,05 - Overdraft,04 - 90-119 DPD,01 - <=620,54.99,01 - Canada,8943,443.71,1.15,0.66,0.64,1.17,116,22.99,58
Bank_558,945197,2025-02,IntlOthCons,504010202,05 - Overdraft,04 - 90-119 DPD,01 - <=620,109.53,02 - EMEA,9100,127.57,4.34,0.31,1.47,3.18,302,33.38,25
Bank_559,772367,2025-02,IntlOthCons,504010203,05 - Overdraft,04 - 90-119 DPD,01 - <=620,72.14,03 - LATAM,8127,415.4,3.06,1.51,1.16,3.41,95,13.83,34
Bank_560,644017,2025-02,IntlOthCons,504010204,05 - Overdraft,04 - 90-119 DPD,01 - <=620,32.95,04 - APAC,1948,79.26,3.58,1.33,0.66,4.25,98,21.98,21
Bank_561,788361,2025-02,IntlOthCons,504020101,05 - Overdraft,04 - 90-119 DPD,02 - >620,101.86,01 - Canada,5276,335.19,2.88,1.0,0.76,3.12,56,38.01,25
Bank_562,629564,2025-02,IntlOthCons,504020102,05 - Overdraft,04 - 90-119 DPD,02 - >620,74.9,02 - EMEA,1711,400.87,2.26,0.9,0.14,3.02,496,12.03,41
Bank_563,564723,2025-02,IntlOthCons,504020103,05 - Overdraft,04 - 90-119 DPD,02 - >620,85.43,03 - LATAM,5148,376.96,2.77,0.7,0.17,3.3,337,14.33,12
Bank_564,328167,2025-02,IntlOthCons,504020104,05 - Overdraft,04 - 90-119 DPD,02 - >620,117.39,04 - APAC,6351,482.25,4.84,1.79,0.33,6.3,159,11.68,22
Bank_565,299456,2025-02,IntlOthCons,504020201,05 - Overdraft,04 - 90-119 DPD,02 - >620,72.17,01 - Canada,6476,95.3,1.52,0.95,1.15,1.32,490,49.01,33
Bank_566,578203,2025-02,IntlOthCons,504020202,05 - Overdraft,04 - 90-119 DPD,02 - >620,82.06,02 - EMEA,6778,305.7,4.9,0.47,1.02,4.35,65,41.02,40
Bank_567,960333,2025-02,IntlOthCons,504020203,05 - Overdraft,04 - 90-119 DPD,02 - >620,67.07,03 - LATAM,4565,326.2,4.4,1.71,1.19,4.92,400,5.76,66
Bank_568,221491,2025-02,IntlOthCons,504020204,05 - Overdraft,04 - 90-119 DPD,02 - >620,65.3,04 - APAC,9718,446.41,1.02,0.88,0.97,0.93,151,15.94,33
Bank_569,501193,2025-02,IntlOthCons,504030101,05 - Overdraft,04 - 90-119 DPD,,50.08,01 - Canada,4728,99.92,2.06,1.26,0.37,2.95,50,42.89,21
Bank_570,974526,2025-02,IntlOthCons,504030102,05 - Overdraft,04 - 90-119 DPD,,102.93,02 - EMEA,5893,470.06,3.81,0.66,1.44,3.03,334,24.4,44
Bank_571,763274,2025-02,IntlOthCons,504030103,05 - Overdraft,04 - 90-119 DPD,,110.71,03 - LATAM,1336,162.77,4.34,1.96,1.24,5.06,340,29.73,39
Bank_572,617855,2025-02,IntlOthCons,504030104,05 - Overdraft,04 - 90-119 DPD,,48.64,04 - APAC,9930,450.69,3.96,1.24,0.93,4.27,182,31.86,43
Bank_573,108430,2025-02,IntlOthCons,504030201,05 - Overdraft,04 - 90-119 DPD,,103.09,01 - Canada,9303,142.43,0.99,1.44,0.9,1.53,476,36.67,37
Bank_574,835528,2025-02,IntlOthCons,504030202,05 - Overdraft,04 - 90-119 DPD,,33.56,02 - EMEA,9425,446.57,1.58,0.88,0.73,1.73,166,30.35,24
Bank_575,412953,2025-02,IntlOthCons,504030203,05 - Overdraft,04 - 90-119 DPD,,89.85,03 - LATAM,3061,247.43,3.18,1.15,0.38,3.95,277,14.69,66
Bank_576,740459,2025-02,IntlOthCons,504030204,05 - Overdraft,04 - 90-119 DPD,,103.3,04 - APAC,6038,110.43,2.57,0.9,0.83,2.64,353,34.51,20
Bank_577,477588,2025-02,IntlOthCons,505010101,05 - Overdraft,05 - 120+ DPD,01 - <=620,93.48,01 - Canada,3878,416.61,1.53,0.73,0.36,1.9,113,48.43,12
Bank_578,722197,2025-02,IntlOthCons,505010102,05 - Overdraft,05 - 120+ DPD,01 - <=620,70.7,02 - EMEA,3994,168.8,3.47,1.99,0.93,4.53,144,7.75,44
Bank_579,570493,2025-02,IntlOthCons,505010103,05 - Overdraft,05 - 120+ DPD,01 - <=620,32.71,03 - LATAM,3252,63.6,2.28,0.53,1.15,1.66,201,19.94,30
Bank_580,854581,2025-02,IntlOthCons,505010104,05 - Overdraft,05 - 120+ DPD,01 - <=620,111.51,04 - APAC,2909,107.41,1.83,1.43,1.02,2.24,256,25.07,35
Bank_581,493142,2025-02,IntlOthCons,505010201,05 - Overdraft,05 - 120+ DPD,01 - <=620,62.08,01 - Canada,6961,369.42,2.09,0.27,0.74,1.62,304,37.39,45
Bank_582,902676,2025-02,IntlOthCons,505010202,05 - Overdraft,05 - 120+ DPD,01 - <=620,87.13,02 - EMEA,3948,228.41,0.75,1.42,0.12,2.05,206,34.74,70
Bank_583,611424,2025-02,IntlOthCons,505010203,05 - Overdraft,05 - 120+ DPD,01 - <=620,92.11,03 - LATAM,1190,81.26,1.82,0.81,0.28,2.35,335,14.87,28
Bank_584,899823,2025-02,IntlOthCons,505010204,05 - Overdraft,05 - 120+ DPD,01 - <=620,51.39,04 - APAC,9711,488.26,2.86,1.72,1.0,3.58,367,33.21,36
Bank_585,328476,2025-02,IntlOthCons,505020101,05 - Overdraft,05 - 120+ DPD,02 - >620,72.14,01 - Canada,8384,335.19,2.07,1.23,0.32,2.98,252,12.83,65
Bank_586,521936,2025-02,IntlOthCons,505020102,05 - Overdraft,05 - 120+ DPD,02 - >620,105.72,02 - EMEA,5858,281.46,1.3,1.25,0.6,1.95,173,48.07,42
Bank_587,229912,2025-02,IntlOthCons,505020103,05 - Overdraft,05 - 120+ DPD,02 - >620,41.55,03 - LATAM,6180,56.12,2.02,1.72,1.46,2.28,129,10.9,30
Bank_588,815729,2025-02,IntlOthCons,505020104,05 - Overdraft,05 - 120+ DPD,02 - >620,115.54,04 - APAC,7145,410.53,3.99,1.02,0.2,4.81,449,7.9,50
Bank_589,891491,2025-02,IntlOthCons,505020201,05 - Overdraft,05 - 120+ DPD,02 - >620,81.09,01 - Canada,8890,248.6,3.29,1.31,0.76,3.84,470,42.02,12
Bank_590,205473,2025-02,IntlOthCons,505020202,05 - Overdraft,05 - 120+ DPD,02 - >620,116.29,02 - EMEA,9798,273.04,1.81,1.18,0.92,2.07,111,47.99,17
Bank_591,440463,2025-02,IntlOthCons,505020203,05 - Overdraft,05 - 120+ DPD,02 - >620,94.04,03 - LATAM,1267,340.72,2.12,0.75,0.57,2.3,396,21.43,15
Bank_592,214234,2025-02,IntlOthCons,505020204,05 - Overdraft,05 - 120+ DPD,02 - >620,34.7,04 - APAC,2710,450.94,2.92,0.59,1.23,2.28,234,49.03,15
Bank_593,679089,2025-02,IntlOthCons,505030101,05 - Overdraft,05 - 120+ DPD,,91.39,01 - Canada,6443,487.39,0.9,1.63,0.99,1.54,83,7.2,18
Bank_594,689092,2025-02,IntlOthCons,505030102,05 - Overdraft,05 - 120+ DPD,,92.06,02 - EMEA,7772,86.88,3.94,0.72,0.63,4.03,338,24.02,14
Bank_595,560914,2025-02,IntlOthCons,505030103,05 - Overdraft,05 - 120+ DPD,,115.83,03 - LATAM,9613,207.27,2.66,0.21,0.65,2.22,130,10.9,62
Bank_596,191741,2025-02,IntlOthCons,505030104,05 - Overdraft,05 - 120+ DPD,,48.07,04 - APAC,5408,143.36,0.83,1.54,1.04,1.33,52,27.34,70
Bank_597,905039,2025-02,IntlOthCons,505030201,05 - Overdraft,05 - 120+ DPD,,73.28,01 - Canada,9903,143.35,2.46,0.35,0.27,2.54,386,22.49,68
Bank_598,816748,2025-02,IntlOthCons,505030202,05 - Overdraft,05 - 120+ DPD,,67.83,02 - EMEA,3474,263.81,1.37,1.27,1.48,1.16,239,12.87,50
Bank_599,134860,2025-02,IntlOthCons,505030203,05 - Overdraft,05 - 120+ DPD,,30.63,03 - LATAM,1700,449.68,2.26,0.45,0.87,1.84,166,44.46,33
Bank_600,200651,2025-02,IntlOthCons,505030204,05 - Overdraft,05 - 120+ DPD,,62.83,04 - APAC,1159,415.15,4.87,1.75,1.39,5.23,108,29.7,59
